date,state,city_or_county,address,n_killed,n_injured,incident_url,source_url
2018-07-05,New York,Brooklyn,225 Utica Ave,1,0,http://www.gunviolencearchive.org/incident/1157361,https://nypost.com/2018/07/05/man-fatally-shot-in-the-head-inside-bodega/
2018-07-05,Missouri,Saint Charles,2200 Lake Ct,0,0,http://www.gunviolencearchive.org/incident/1160267,https://fox2now.com/2018/07/09/charges-filed-in-st-charles-shooting/
2018-07-05,South Carolina,Columbia,,0,0,http://www.gunviolencearchive.org/incident/1157366,https://www.thestate.com/news/local/crime/article214376229.html
2018-07-05,South Carolina,Columbia,Bush River Road,0,0,http://www.gunviolencearchive.org/incident/1157367,https://www.thestate.com/news/local/crime/article214376229.html
2018-07-05,Alabama,Tuscaloosa,Skyland Blvd,0,2,http://www.gunviolencearchive.org/incident/1157372,https://www.al.com/news/birmingham/index.ssf/2018/07/2_injured_in_1_tuscaloosa_shoo.html
2018-07-05,Texas,Austin,9052 Galewood Dr,0,0,http://www.gunviolencearchive.org/incident/1157378,http://cbsaustin.com/news/local/man-enters-a-hotel-room-and-fires-gun-almost-hitting-a-victim
2018-07-05,Missouri,Saint Louis,5570 S Broadway,1,0,http://www.gunviolencearchive.org/incident/1166013,http://www.kmov.com/story/38665024/police-id-man-32-killed-at-bellerive-park-on-july-5
2018-07-05,Illinois,Peoria,1822 W War Memorial Dr,0,2,http://www.gunviolencearchive.org/incident/1166083,https://www.pjstar.com/news/20190313/man-in-double-shooting-faces-up-to-20-years-in-prison
2018-07-05,Texas,Fort Worth,1222 Jacksboro Hwy,2,0,http://www.gunviolencearchive.org/incident/1157420,https://www.star-telegram.com/news/local/community/fort-worth/article214772660.html
2018-07-05,Massachusetts,New Bedford,,0,0,http://www.gunviolencearchive.org/incident/1157412,http://www.southcoasttoday.com/news/20180705/new-bedford-police-seize-gun-pot-cash-arrest-3
2018-07-05,Arizona,Tempe,W Southern Ave and S 48th St,1,0,http://www.gunviolencearchive.org/incident/1157449,http://www.azfamily.com/story/38583752/woman-in-critical-condition-after-shooting-in-east-phoenix-firefighters-say
2018-07-05,Massachusetts,New Bedford,88 Ruth St,0,0,http://www.gunviolencearchive.org/incident/1158878,http://www.southcoasttoday.com/news/20180706/new-bedford-man-captured-with-loaded-gun-heroin-after-foot-chase-police-say
2018-07-05,Massachusetts,Mansfield,West St,0,0,http://www.gunviolencearchive.org/incident/1157394,http://www.thesunchronicle.com/news/local_news/corrections-officer-charged-in-alleged-mansfield-domestic-assault/article_2cc24425-95c3-5d6d-9dbf-124867eb6aee.html
2018-07-05,Louisiana,Lafayette,1512 Louisiana Ave,1,0,http://www.gunviolencearchive.org/incident/1159297,https://www.klfy.com/news/local/update-victim-in-lafayette-apartment-complex-murder-identified/1285972522
2018-07-05,Texas,Fort Worth,2900 block of Dillard St,0,1,http://www.gunviolencearchive.org/incident/1157396,https://www.star-telegram.com/news/local/crime/article214392109.html
2018-07-05,Kentucky,Paintsville,,0,0,http://www.gunviolencearchive.org/incident/1158256,http://www.wymt.com/content/news/Armed-man-breaks-into-home-487516321.html
2018-07-05,New Hampshire,Newmarket,804 Piscassic St,0,1,http://www.gunviolencearchive.org/incident/1157308,"http://www.unionleader.com/No-bail-for-Newmarket-man-accused-of-biting,-striking-sister-with-gun&source=RSS"
2018-07-05,Massachusetts,Haverhill,I-495,0,0,http://www.gunviolencearchive.org/incident/1157423,http://www.mspnews.org/2018/07/two-maine-men-arrested-in-haverhill-on-weapons-and-drug-offenses/
2018-07-05,Idaho,Aberdeen,2202 Dean Sub Rd,1,0,http://www.gunviolencearchive.org/incident/1158279,https://www.eastidahonews.com/2019/01/man-admits-to-shooting-and-killing-his-wife-following-argument/
2018-07-05,Alabama,Tuscaloosa,1900 block of Fosters Ferry Rd,0,0,http://www.gunviolencearchive.org/incident/1157441,http://www.tuscaloosanews.com/news/20180705/tuscaloosa-police-seek-gunmen-after-more-than-60-shots-fired?start=8
2018-07-05,Connecticut,Hartford,Capan St,0,0,http://www.gunviolencearchive.org/incident/1158912,https://www.nbcconnecticut.com/news/local/Man-Found-With-Loaded-Gun-During-Traffic-Stop-in-Hartford-Police-487569581.html
2018-07-05,Oregon,Portland,5200 block of NE 73rd Ave,0,1,http://www.gunviolencearchive.org/incident/1157507,http://katu.com/news/local/13-year-old-hit-by-stray-gunfire-expected-to-get-surgery-monday
2018-07-04,Florida,Tampa,N 27th St,0,0,http://www.gunviolencearchive.org/incident/1157168,https://www.wfla.com/news/hillsborough-county/tampa-pd-investigating-3-cases-of-celebratory-gunfire/1284679344
2018-07-04,Wyoming,Sinclair,Seminoe Boat Club Rd,0,0,http://www.gunviolencearchive.org/incident/1160114,https://billingsgazette.com/news/state-and-regional/wyoming/man-arrested-after-brandishing-shotgun-at-boat-club/article_42cbc1f6-8302-5838-a2ef-f57c7499e799.html
2018-07-04,Arkansas,Little Rock,Stonewall Rd and University Ave,0,0,http://www.gunviolencearchive.org/incident/1157171,https://www.fox16.com/crime/5-arrests-after-stolen-vehicle-guns-found-in-lr-s-cammack-village/1285058254
2018-07-04,Florida,Dunedin,1000 block of Suemar Rd,0,0,http://www.gunviolencearchive.org/incident/1157186,https://www.wfla.com/news/pinellas-county/dunedin-man-arrested-for-threatening-family-deputy-with-gun-shooting-family-dog/1285212900
2018-07-04,Alabama,Dothan,6400 block of Cottonwood Rd,1,0,http://www.gunviolencearchive.org/incident/1157219,https://www.dothaneagle.com/news/crime_court/hearing-set-for-man-charged-in-shooting-death-of-brother/article_42b31434-95ab-11e8-9129-2385a840e80b.html
2018-07-04,New York,Buffalo,Collins Walk,1,0,http://www.gunviolencearchive.org/incident/1157169,https://buffalonews.com/2018/02/08/map-shepard-street-is-site-of-first-confirmed-homicide-of-2018/
2018-07-04,New York,Buffalo,Victoria Ave,0,1,http://www.gunviolencearchive.org/incident/1157177,https://buffalonews.com/2018/07/05/buffalo-teen-shot-on-victoria-ave/
2018-07-04,New York,Albany,Henry Johnson Blvd and Washington Ave,0,1,http://www.gunviolencearchive.org/incident/1157066,https://dailygazette.com/article/2018/07/13/albany-police-charge-man-with-fourth-of-july-shooting
2018-07-04,South Carolina,Gaston,Ball Park Rd,1,0,http://www.gunviolencearchive.org/incident/1158099,https://www.wltx.com/article/news/local/shooting-death-of-34-year-old-man-in-gaston-under-investigation/101-571130581
2018-07-04,Florida,Clermont,215 US 27,0,0,http://www.gunviolencearchive.org/incident/1157210,http://www.dailycommercial.com/news/20180705/man-accused-of-fireworks-theft-firing-shots
2018-07-04,Illinois,Decatur,1200 block of W Cushing St,0,0,http://www.gunviolencearchive.org/incident/1159420,https://herald-review.com/news/local/crime-and-courts/decatur-woman-reports-bullet-passes-through-hood-of-her-car/article_7ebfcb5c-5997-565c-ba0f-ba6efa001933.html#1
2018-07-04,Florida,Deland,W Carroll Ave and Florida Ave,0,1,http://www.gunviolencearchive.org/incident/1157216,http://www.news-journalonline.com/news/20180704/dispatcher-says-person-was-shot-in-arm-near-deland
2018-07-04,Illinois,Peoria,2600 W Richwoods Blvd,0,1,http://www.gunviolencearchive.org/incident/1156281,http://www.pjstar.com/news/20180704/peoria-police-investigate-independence-day-shooting-near-busy-grocery-store
2018-07-04,California,Fresno,C Street,0,1,http://www.gunviolencearchive.org/incident/1158695,https://www.fresnobee.com/news/local/crime/article214365669.html
2018-07-04,Illinois,Peoria,600 block of NE Adams St,0,1,http://www.gunviolencearchive.org/incident/1156285,http://www.pjstar.com/news/20180704/man-arrives-at-peoria-hospital-with-gunshot-wound-to-leg
2018-07-04,Florida,West Palm Beach,Spafford Ave,0,0,http://www.gunviolencearchive.org/incident/1157232,https://www.palmbeachpost.com/news/local/kill-you-west-palm-area-man-accused-shooting-son-son-mom/fFEnjmmgSAupp5GHBA2sFJ/
2018-07-04,Illinois,Mount Vernon,9800 block of E Webb Rd,1,0,http://www.gunviolencearchive.org/incident/1158707,http://www.southernillinoisnow.com/2018/07/05/rural-mt-vernon-man-charged-with-murder-of-his-brother/
2018-07-04,Alabama,Florence,Chisolm Rd,0,1,http://www.gunviolencearchive.org/incident/1156211,https://whnt.com/2018/09/14/florence-police-arrest-and-charge-man-for-july-4-road-rage-shooting/
2018-07-04,Indiana,Gary,3400 block of Pierce St,1,2,http://www.gunviolencearchive.org/incident/1155863,https://www.nwitimes.com/news/local/crime-and-courts/man-charged-with-murder-in-gary-shooting-that-killed-wounded/article_203a11e9-003b-54b9-b021-c43a4416be7f.html?fbclid=IwAR3CAsWHdCbbPMDI7aji4HPs6jJprgIOEd7GVYywifmLRT1zuGA3jRdZsqM
2018-07-04,Iowa,Nashua,Lakeshore Dr,0,0,http://www.gunviolencearchive.org/incident/1224206,https://wcfcourier.com/news/local/crime-and-courts/nashua-man-arrested-for-handgun-sales/article_f5065c01-4c3e-5558-80e7-5eda205fa5a7.html
2018-07-04,Florida,Homestead (Florida City),524 NW 7th Ave,0,1,http://www.gunviolencearchive.org/incident/1157253,https://www.miamiherald.com/news/local/crime/article214377989.html
2018-07-04,Florida,Saint Petersburg,5149 Duval Cir,0,0,http://www.gunviolencearchive.org/incident/1157257,http://www.fox13news.com/news/local-news/reported-gunfire-leads-deputies-to-st-pete-apartment-complex
2018-07-04,Vermont,Barre,20 Long St,2,0,http://www.gunviolencearchive.org/incident/1156177,https://newportdispatch.com/2018/07/06/lake-region-graduate-shot-to-death-in-barre/
2018-07-04,New York,Buffalo,Kent St and Sweet Ave,0,1,http://www.gunviolencearchive.org/incident/1158147,https://www.wivb.com/news/crime/buffalo-police-investigating-overnight-shooting-and-stabbing-reports/1284482018
2018-07-04,California,Ventura,6300 block of Whippoorwill Street,0,1,http://www.gunviolencearchive.org/incident/1157267,https://www.vcstar.com/story/news/2018/07/04/drive-shooting-leaves-male-wounded-ventura/758709002/
2018-07-04,South Carolina,Greenville,100 Shemwood Ln,0,1,http://www.gunviolencearchive.org/incident/1157364,http://www.foxcarolina.com/story/38581600/police-man-shot-during-fight-between-large-group-at-greenville-apartments
2018-07-04,Missouri,Saint Charles,1400 block of S 5th St,0,1,http://www.gunviolencearchive.org/incident/1156361,https://www.ksdk.com/article/news/crime/off-duty-st-charles-officer-shot-at-outside-fireworks-tent/63-570591288
2018-07-04,Massachusetts,Boston,Brookford St and Dacia St,1,0,http://www.gunviolencearchive.org/incident/1156396,https://whdh.com/news/boston-police-arrested-2nd-suspect-in-deadly-fourth-of-july-shooting/
2018-07-04,South Carolina,Florence,Kuker Street,0,2,http://www.gunviolencearchive.org/incident/1157369,http://wpde.com/news/local/two-shot-on-kuker-street-in-florence
2018-07-04,Arizona,Tucson,1039 N Alamo Ave,1,0,http://www.gunviolencearchive.org/incident/1156469,http://www.tucsonnewsnow.com/story/38583512/update-tpd-releases-names-of-victim-suspect-in-july-4-fatal-shooting
2018-07-04,Missouri,Saint Louis,Wellston Place,1,0,http://www.gunviolencearchive.org/incident/1164396,https://fox2now.com/2018/07/15/suspect-taken-into-custody-for-murder-of-wellston-woman/
2018-07-04,Alabama,Montgomery,3000 block of Southmall Cir,1,0,http://www.gunviolencearchive.org/incident/1157389,http://www.wsfa.com/story/38578492/police-montgomery-woman-shot-by-boyfriend-dies
2018-07-04,Georgia,Douglas,1300 block of S Gaskin Ave,0,2,http://www.gunviolencearchive.org/incident/1157408,http://www.wtvm.com/story/38582347/2-injured-in-douglas-shooting
2018-07-04,Connecticut,Oxford,566 Chestnut Tree Hill Rd,0,0,http://www.gunviolencearchive.org/incident/1158894,http://www.rep-am.com/news/news-local/2018/07/06/oxford-man-allegedly-pulls-gun-on-salesman/
2018-07-04,Colorado,Fort Collins,800 block of Merganser Dr,1,0,http://www.gunviolencearchive.org/incident/1156225,https://www.thedenverchannel.com/news/crime/fort-collins-teen-who-died-after-fourth-of-july-shooting-identified-by-police
2018-07-04,Mississippi,Batesville,Martin Luther King Dr,0,0,http://www.gunviolencearchive.org/incident/1158262,https://www.panolian.com/2018/07/06/shooting-break-in-reported-during-holiday/
2018-07-04,South Dakota,Aberdeen,,0,0,http://www.gunviolencearchive.org/incident/1157426,http://www.ksfy.com/content/news/Aberdeen-residents-arrested-on-drug-firearm-charges-in-July-4th-bust-487440011.html
2018-07-04,New York,Schenectady,Cutlet Street and Fifth Avenue,0,1,http://www.gunviolencearchive.org/incident/1157269,https://dailygazette.com/article/2018/07/05/schenectady-police-probe-shooting
2018-07-04,New York,Schenectady,132 Erie Blvd,0,1,http://www.gunviolencearchive.org/incident/1157434,https://www.news10.com/news/local-news/schenectady-police-arrest-man-accused-in-shooting-at-wendy-s/1284879947
2018-07-04,Massachusetts,Lynn,18 Broad St,0,0,http://www.gunviolencearchive.org/incident/1157432,https://www.itemlive.com/2018/07/05/police-log-07-06-18/
2018-07-04,Michigan,Battle Creek,420 W Michigan Ave,0,1,http://www.gunviolencearchive.org/incident/1156432,https://www.mlive.com/news/grand-rapids/index.ssf/2018/07/gas_station_shooting_suspects.html
2018-07-04,Arizona,Tucson,1223 W Irvington Rd,0,0,http://www.gunviolencearchive.org/incident/1156421,https://tucson.com/news/local/two-arrested-in-tucson-shoplifting-incident-that-ended-with-gunfire/article_b62c83dc-7f08-11e8-bc21-b3d46bba0494.html
2018-07-04,Louisiana,New Orleans,I-10,0,1,http://www.gunviolencearchive.org/incident/1157451,https://www.nola.com/crime/index.ssf/2018/07/shot_moving_car_interstate_10.html
2018-07-04,Washington,Pasco,350 N 14th Ave,0,0,http://www.gunviolencearchive.org/incident/1156450,https://www.tri-cityherald.com/news/local/crime/article214338924.html
2018-07-04,Washington,Seattle (Seatac),16700 block of 31st Ave S,0,1,http://www.gunviolencearchive.org/incident/1156458,http://komonews.com/news/local/king-county-sheriffs-deputies-investigating-after-man-shot-in-seatac
2018-07-04,Michigan,Warren,28710 Van Dyke Ave,0,2,http://www.gunviolencearchive.org/incident/1156461,https://www.wxyz.com/news/police-investigating-double-shooting-in-center-line
2018-07-04,Arkansas,Fayetteville,2331 W Deane St,0,2,http://www.gunviolencearchive.org/incident/1156621,http://www.nwaonline.com/news/2018/jul/05/two-injured-in-fayetteville-shooting-20/
2018-07-04,Connecticut,Prospect,60 Waterbury Rd,0,0,http://www.gunviolencearchive.org/incident/1161783,https://www.mycitizensnews.com/news/2018/07/police-investigating-theft-of-safe/
2018-07-04,Idaho,Idaho Falls,,0,1,http://www.gunviolencearchive.org/incident/1157467,https://www.eastidahonews.com/2018/07/man-taken-to-hospital-after-shooting-himself-at-independence-day-festivities/
2018-07-04,Georgia,Jefferson (Arcade),400 block of Carruth Rd,1,3,http://www.gunviolencearchive.org/incident/1156289,http://www.cbs46.com/story/38575657/4-shot-including-dead-shooter-in-domestic-incident
2018-07-04,Georgia,Rome,Ashland Park Blvd NE,0,0,http://www.gunviolencearchive.org/incident/1157485,http://www.northwestgeorgianews.com/rome/news/police_fire/marijuana-firearm-send-man-to-jail/article_a891acdc-809a-11e8-83c3-930667545216.html
2018-07-04,Texas,Austin,2501 Anken Dr,1,0,http://www.gunviolencearchive.org/incident/1156327,https://www.austinchronicle.com/news/2018-07-20/ortiz-shooting-the-merits-of-self-defense/
2018-07-04,Oregon,Portland,12600 block of SE Stephens St,0,0,http://www.gunviolencearchive.org/incident/1157500,https://www.koin.com/news/local/multnomah-county/3-guns-taken-2-arrested-after-shots-fired-in-se-portland/1285391984
2018-07-04,Alaska,Anchorage,750 W 31st Ave,1,0,http://www.gunviolencearchive.org/incident/1156971,http://www.ktva.com/story/38678740/victim-dies-after-anchorage-shooting-over-bicycle
2018-07-04,Michigan,Lansing,700 block of Chicago Ave,0,0,http://www.gunviolencearchive.org/incident/1157514,https://www.lansingstatejournal.com/story/news/2018/07/04/lansing-police-arrest-man-after-early-morning-standoff-chicago-ave/757707002/
2018-07-04,New York,Utica,1500 block of West St,0,1,http://www.gunviolencearchive.org/incident/1157526,http://www.wktv.com/content/news/Teen-injured-in-late-night-shooting-in-Utica-487428661.html
2018-07-04,Illinois,Chicago,900 block of N Massasoit Ave,0,0,http://www.gunviolencearchive.org/incident/1155880,https://chicago.suntimes.com/news/austin-shooting-at-police-massasoit-augusta-chicago-parole/
2018-07-04,Illinois,Joliet,Wallace St and Water St,0,1,http://www.gunviolencearchive.org/incident/1161813,http://www.theherald-news.com/2018/07/11/1-teen-wounded-1-jailed-after-gun-attack-in-joliet/ayxq7b2/
2018-07-04,District of Columbia,Washington,500 block of 51st Pl NE,0,1,http://www.gunviolencearchive.org/incident/1156231,https://wtop.com/dc/2018/07/8-people-shot-in-5-overnight-dc-shootings/
2018-07-04,District of Columbia,Washington,4200 block of 4th St SE,0,1,http://www.gunviolencearchive.org/incident/1156408,https://wtop.com/dc/2018/07/8-people-shot-in-5-overnight-dc-shootings/
2018-07-04,Illinois,Chicago,14200 block of S Clark St,1,0,http://www.gunviolencearchive.org/incident/1157179,https://chicago.suntimes.com/crime/33-year-old-man-fatally-shot-in-south-suburban-riverdale/
2018-07-04,Maryland,Baltimore,5300 block of Nelson Ave,0,0,http://www.gunviolencearchive.org/incident/1156521,https://www.facebook.com/BaltimoreCityPolice/posts/10155374803791956
2018-07-04,Pennsylvania,Philadelphia,2900 block of N Mascher St,0,2,http://www.gunviolencearchive.org/incident/1156540,https://philadelphia.cbslocal.com/2018/07/05/double-shooting-fairhill-mascher-street/
2018-07-04,North Carolina,Raleigh,9409 Misty Creek Lane,2,0,http://www.gunviolencearchive.org/incident/1156568,https://www.wral.com/police-man-kills-woman-then-self-in-brier-creek-shooting/17676346/
2018-07-04,Ohio,Cleveland,E 142nd St and Harvard Ave,1,0,http://www.gunviolencearchive.org/incident/1156553,https://www.cleveland.com/metro/index.ssf/2018/07/man_killed_three_shot_while_li.html#incart_river_index
2018-07-04,Ohio,Cleveland,E 128th St and Hlavin Ave,1,1,http://www.gunviolencearchive.org/incident/1155776,https://www.cleveland.com/metro/index.ssf/2018/07/man_killed_three_shot_while_li.html#incart_river_index
2018-07-04,Missouri,Saint Louis,4700 block of Newcomb,0,1,http://www.gunviolencearchive.org/incident/1156575,https://www.ksdk.com/article/news/crime/1-dead-9-injured-in-shootings-throughout-fourth-of-july-night/63-570907850
2018-07-04,Missouri,Saint Louis,Grand and West Florissant,0,1,http://www.gunviolencearchive.org/incident/1156577,https://www.ksdk.com/article/news/crime/1-dead-9-injured-in-shootings-throughout-fourth-of-july-night/63-570907850
2018-07-04,Maryland,Hyattsville (Langley Park),8300 block of 14th Ave,1,0,http://www.gunviolencearchive.org/incident/1155830,https://pgpolice.blogspot.com/2018/07/detectives-investigate-homicide-in.html
2018-07-04,Illinois,Chicago,5800 block of N Spaulding Ave,0,1,http://www.gunviolencearchive.org/incident/1158984,https://chicago.suntimes.com/news/woman-shot-while-cleaning-deck-on-fourth-of-july-in-hollywood-park/
2018-07-04,Pennsylvania,York,900 block of W Locust St,1,0,http://www.gunviolencearchive.org/incident/1156523,https://www.pennlive.com/news/2018/10/man-arrested-in-connection-with-july-shooting.html#incart_river_index
2018-07-04,New Jersey,Jersey City,785 Grand St,0,1,http://www.gunviolencearchive.org/incident/1155771,https://www.rlsmedia.com/article/gunfire-erupts-jersey-city-male-injured
2018-07-04,Ohio,Toledo,700 block of Pinewood Ave,0,2,http://www.gunviolencearchive.org/incident/1156609,http://www.toledoblade.com/Police-Fire/2018/07/05/Two-men-shot-late-Wednesday-in-central-Toledo.html
2018-07-04,Ohio,Dayton,5287 Coco Dr,0,0,http://www.gunviolencearchive.org/incident/1159668,https://www.whio.com/news/crime--law/loaded-found-home-suspected-fentanyl-dealer/3UVukyJ4CH4EVOXbiZv8BI/
2018-07-04,Connecticut,Hartford,1620 Main St,0,1,http://www.gunviolencearchive.org/incident/1157201,http://www.courant.com/breaking-news/hc-br-hartford-teen-gunshot-wounds-20180705-story.html
2018-07-04,Georgia,Athens,Whit Davis Rd,0,0,http://www.gunviolencearchive.org/incident/1160532,http://www.onlineathens.com/news/20180710/dui-stop-leads-to-gun-charge-in-athens
2018-07-04,Massachusetts,Boston,Norfolk St,0,0,http://www.gunviolencearchive.org/incident/1155917,https://twitter.com/stacos/status/1014545466686615552
2018-07-04,Missouri,Saint Louis,Hodiamont Ave and Wabada Ave,0,1,http://www.gunviolencearchive.org/incident/1156582,https://www.ksdk.com/article/news/crime/1-dead-9-injured-in-shootings-throughout-fourth-of-july-night/63-570907850
2018-07-04,Pennsylvania,Easton (Williams Township),850 Browns Dr,0,0,http://www.gunviolencearchive.org/incident/1157730,https://www.lehighvalleylive.com/easton/index.ssf/2018/07/man_allegedly_assaults_shoots.html#incart_river_index
2018-07-04,Ohio,Pleasant City,400 block of Elm St,0,0,http://www.gunviolencearchive.org/incident/1156626,http://www.daily-jeff.com/news/20180706/assault-charges-filed-after-incident-at-pleasant-city-home
2018-07-04,Florida,Port Richey,Vera Dr,0,0,http://www.gunviolencearchive.org/incident/1172188,http://www.baynews9.com/fl/tampa/news/2018/07/26/gang-member-and-convicted-felon-charged-after-instagram-post-shows-him-shooting-guns
2018-07-04,Tennessee,Nashville,142 1st Ave N,0,1,http://www.gunviolencearchive.org/incident/1156715,http://www.wsmv.com/story/38580095/2-injured-in-unrelated-shooting-incidents-during-fireworks-in-nashville
2018-07-04,Tennessee,Nashville,408 2nd Ave N,0,1,http://www.gunviolencearchive.org/incident/1156718,http://www.wsmv.com/story/38580095/2-injured-in-unrelated-shooting-incidents-during-fireworks-in-nashville
2018-07-04,Texas,Lufkin,300 block of South Medford Dr,0,0,http://www.gunviolencearchive.org/incident/1157459,http://lufkindailynews.com/news/record/police_report/article_d1adf9cc-6a96-5776-b33d-876cf0eb4c2f.html
2018-07-04,Tennessee,Nashville,1st Avenue North and Church Street,0,1,http://www.gunviolencearchive.org/incident/1156720,http://www.wsmv.com/story/38580095/2-injured-in-unrelated-shooting-incidents-during-fireworks-in-nashville
2018-07-04,Tennessee,Woodbury,3175 Pleasant Ridge Road,1,0,http://www.gunviolencearchive.org/incident/1156728,https://www.wkrn.com/news/death-at-cannon-county-gun-range-under-investigation/1285195335
2018-07-04,Georgia,Macon,O'Hara Dr N,0,0,http://www.gunviolencearchive.org/incident/1192253,https://www.macon.com/news/local/crime/article217031260.html
2018-07-04,Texas,Grand Prairie,200 block of Gilbert Cir,1,0,http://www.gunviolencearchive.org/incident/1164601,https://www.abqjournal.com/1197188/texas-man-accused-of-killing-boss-surrenders-in-louisiana.html
2018-07-04,Indiana,South Bend,55000 block of Hollywood Blvd,1,0,http://www.gunviolencearchive.org/incident/1155944,https://www.southbendtribune.com/news/publicsafety/south-bend-teen-to-be-sentenced-to-years-in-shooting/article_aff3f937-c89f-59a8-85b3-9b1b002ef515.html
2018-07-04,Pennsylvania,Warminster,Nemoral St,0,0,http://www.gunviolencearchive.org/incident/1155949,http://www.trentonian.com/general-news/20180704/drugs-assault-and-gun-bust-july-4-2018-police-blotter
2018-07-04,Texas,Dallas,7027 S R L Thornton Fwy,0,1,http://www.gunviolencearchive.org/incident/1156744,https://www.wfaa.com/article/news/crime/mother-shoots-man-in-head-after-he-attempts-to-steal-her-car-with-toddlers-inside/287-570867639
2018-07-04,Arkansas,Jonesboro,1900 block of W Nettleton Ave,0,0,http://www.gunviolencearchive.org/incident/1159718,http://www.kait8.com/story/38602182/police-man-shot-at-juveniles-who-threw-fireworks-tied-to-other-shooting
2018-07-04,Arkansas,Jonesboro,1900 block of W Nettleton Ave,0,0,http://www.gunviolencearchive.org/incident/1157447,http://www.kait8.com/story/38602182/police-man-shot-at-juveniles-who-threw-fireworks-tied-to-other-shooting
2018-07-04,Pennsylvania,Pittsburgh (Penn Hills),11675 Frankstown Rd,0,2,http://www.gunviolencearchive.org/incident/1155956,https://www.wpxi.com/news/top-stories/two-people-shot-overnight-near-bar-in-penn-hills/782787526
2018-07-04,Maryland,Baltimore,1700 block of McHenry St,0,0,http://www.gunviolencearchive.org/incident/1159128,https://www.facebook.com/BaltimoreCityPolice/posts/10155378731006956
2018-07-04,Illinois,Chicago,3900 block of W Monroe St,0,1,http://www.gunviolencearchive.org/incident/1156750,https://chicago.suntimes.com/news/boy-16-wounded-in-east-garfield-park-shooting/
2018-07-04,Pennsylvania,Pittsburgh (Penn Hills),Clematis Blvd,0,2,http://www.gunviolencearchive.org/incident/1155961,https://triblive.com/local/allegheny/13832777-74/two-wounded-in-penn-hills-shooting?utm_source=feedburner&utm_medium=feed&utm_campaign=Feed%3A+tribliveBreakingNews+%28Breaking+News%29
2018-07-04,Arkansas,Fort Smith,1300 block of S 46th St,0,0,http://www.gunviolencearchive.org/incident/1159133,http://www.swtimes.com/news/20180708/ar-15-money-reported-stolen-from-fort-smith-apartment?rssfeed=true
2018-07-04,Illinois,Chicago,2100 block of N Kedzie Ave,0,1,http://www.gunviolencearchive.org/incident/1156755,https://chicago.suntimes.com/news/boy-17-grazed-in-logan-square-shooting/
2018-07-04,Pennsylvania,New Castle,W Harbor Rd,0,0,http://www.gunviolencearchive.org/incident/1156673,http://www.post-gazette.com/news/crime-courts/2018/07/05/New-Castle-man-Alexander-Anderson-charged-shooting-vehicle-carrying-children/stories/201807050079
2018-07-04,Texas,Beaumont,501 Royal St,0,0,http://www.gunviolencearchive.org/incident/1158771,http://kfdm.com/news/local/bullet-found-in-beaumont-fire-station-after-4th-of-july-celebrations
2018-07-04,Massachusetts,Boston,85 Fayston St,0,4,http://www.gunviolencearchive.org/incident/1156182,https://www.necn.com/news/new-england/Arrest-Made-in-Connection-to-Fourth-of-July-Shooting-in-Boston-Roxbury-491660771.html
2018-07-04,California,Simi Valley,6400 block of Clear Springs Road,1,0,http://www.gunviolencearchive.org/incident/1157274,https://www.vcstar.com/story/news/2018/07/04/crews-battle-house-fire-santa-susana-knolls/758489002/
2018-07-04,Illinois,Chicago,,0,0,http://www.gunviolencearchive.org/incident/1156309,https://www.facebook.com/groups/gvadc/
2018-07-04,Virginia,Madison Heights,,0,0,http://www.gunviolencearchive.org/incident/1160192,http://wset.com/news/local/its-really-reckless-woman-comes-home-to-bullet-through-her-ceiling-on-july-4
2018-07-04,California,Fresno,Belmont Avenue,0,1,http://www.gunviolencearchive.org/incident/1157285,https://www.fresnobee.com/news/local/crime/article214342999.html
2018-07-04,Illinois,Rockford,600 block of 10th St,0,1,http://www.gunviolencearchive.org/incident/1158777,http://www.rrstar.com/news/20180705/child-shot-in-foot-in-rockford
2018-07-04,Missouri,Saint Louis,3900 block of Potomac St,1,0,http://www.gunviolencearchive.org/incident/1156595,http://www.kmov.com/story/38596604/pizza-delivery-driver-shot-killed-while-delivering-pizza-on-fourth-of-july-identified
2018-07-04,Louisiana,Lake Charles,LA-90,1,0,http://www.gunviolencearchive.org/incident/1159474,http://www.kplctv.com/story/38593088/welsh-man-wanted-for-la-90-homicide
2018-07-04,Georgia,Griffin,Bonnie Ridge Dr,1,0,http://www.gunviolencearchive.org/incident/1157125,https://wgxa.tv/news/local/police-georgia-deputy-kills-man-who-shot-at-officer
2018-07-04,Rhode Island,Providence,66 Vandewater St,0,0,http://www.gunviolencearchive.org/incident/1157294,http://www.providencejournal.com/news/20180705/guns-seized-from-woman-after-altercation-tire-slashing
2018-07-04,South Carolina,Marion,Montgomery Street,0,2,http://www.gunviolencearchive.org/incident/1157337,https://wpde.com/news/local/marion-man-charged-with-attempted-murder-of-children
2018-07-04,Rhode Island,Providence,Manton Ave,0,0,http://www.gunviolencearchive.org/incident/1157299,http://www.providencejournal.com/news/20180705/gunshots-damage-cars-bathroom-in-providence?rssfeed=true
2018-07-04,Texas,Corpus Christi,Saratoga Blvd and Airline Rd,0,0,http://www.gunviolencearchive.org/incident/1158200,https://www.kiiitv.com/article/news/local/deputy-suspended-after-firing-gun-in-apartment-after-argument/503-571439439
2018-07-04,California,Los Angeles,South Western Avenue and West 91st Street,1,2,http://www.gunviolencearchive.org/incident/1156243,https://ktla.com/2018/07/04/police-investigate-fatal-shooting-in-south-l-a/
2018-07-04,New York,Brooklyn,Marcy Ave and Greene Ave,0,1,http://www.gunviolencearchive.org/incident/1156314,https://twitter.com/NYScanner/status/1014693135530823680
2018-07-04,Iowa,Burlington,1203 N. 8th St,0,1,http://www.gunviolencearchive.org/incident/1158117,http://www.thehawkeye.com/news/20180706/shooting-investigation-continues
2018-07-04,South Carolina,North Charleston,,0,0,http://www.gunviolencearchive.org/incident/1157326,http://www.live5news.com/story/38571452/one-in-custody-after-entering-yard-of-north-charleston-home-with-a-weapon
2018-07-04,Nebraska,Kimball,I-80,0,1,http://www.gunviolencearchive.org/incident/1156798,http://www.1011now.com/content/news/Suspect-arrested-in-road-rage-shooting-on-I-80-in-Western-Nebraska-487417051.html
2018-07-04,Alaska,Anchorage,Arctic Blvd and Benson Blvd,1,0,http://www.gunviolencearchive.org/incident/1157518,http://www.ktuu.com/content/news/APD-searching-for-person-of-interest-in-July-4th-homicide-491845581.html
2018-07-04,New York,Rochester,71 York St,1,1,http://www.gunviolencearchive.org/incident/1156165,https://13wham.com/news/local/man-indicted-for-july-4-double-shooting-on-york-st
2018-07-04,Texas,Brownsville,790 E Altoon Gloor Blvd,0,2,http://www.gunviolencearchive.org/incident/1155886,https://www.brownsvilleherald.com/news/local/jury-indicts-man-who-shot-officer-inside-cvs-pharmacy/article_2c0790b6-ec81-11e8-8f70-5f523ce8bb01.html
2018-07-04,Massachusetts,Boston,75 Wayland St,0,1,http://www.gunviolencearchive.org/incident/1155736,https://twitter.com/stacos/status/1014365556378652672
2018-07-04,California,Long Beach,Del Amo Boulevard,0,1,http://www.gunviolencearchive.org/incident/1157346,https://www.presstelegram.com/2018/07/05/man-shot-while-riding-bike-in-long-beach/
2018-07-04,New York,Buffalo,300 block of Massachusetts Ave,0,1,http://www.gunviolencearchive.org/incident/1156383,https://buffalonews.com/2018/07/04/buffalo-police-search-for-victim-evidence-after-report-of-shooting/
2018-07-04,Tennessee,Memphis,1780 Pendleton St,1,0,http://www.gunviolencearchive.org/incident/1156605,https://wreg.com/2018/07/05/man-shot-to-death-in-orange-mound-during-fireworks-display/
2018-07-04,Connecticut,Bridgeport,,0,1,http://www.gunviolencearchive.org/incident/1156104,https://www.doingitlocal.com/2018/07/bridgeport-news-bb-gunshot-victim/
2018-07-04,Tennessee,Memphis,500 block of East McKellar Ave,0,1,http://www.gunviolencearchive.org/incident/1156993,https://wreg.com/2018/07/05/one-person-dead-another-injured-following-pair-of-overnight-shootings/
2018-07-04,New Jersey,Newark,16th Ave and Littleton Ave,1,0,http://www.gunviolencearchive.org/incident/1156996,https://www.nj.com/essex/index.ssf/2018/07/3_gunned_down_in_bloody_2-day_period_in_newark.html#incart_river_index
2018-07-04,New Jersey,Jersey City,Grant Ave and Martin Luther King Dr,0,2,http://www.gunviolencearchive.org/incident/1156990,https://www.rlsmedia.com/article/jersey-city-police-search-overnight-shooting-suspect-two-injured
2018-07-04,South Carolina,Ladson,4435 Farmwood St,1,0,http://www.gunviolencearchive.org/incident/1155937,https://abcnews4.com/news/crime-news/ladson-woman-shot-in-head-while-sleeping-dies-in-hospital
2018-07-04,Tennessee,Memphis,Crescent Park Dr and Ash Park Dr,0,0,http://www.gunviolencearchive.org/incident/1160791,https://wreg.com/2018/07/10/car-accident-leads-to-shooting-but-witness-says-police-arrested-the-wrong-person/
2018-07-04,Indiana,Evansville,Reis Avenue,0,1,http://www.gunviolencearchive.org/incident/1156628,http://www.14news.com/story/38576774/man-shot-after-fight-over-fireworks-in-evansville
2018-07-04,Tennessee,Memphis,3619 Kingsgate Dr,0,0,http://www.gunviolencearchive.org/incident/1157013,https://wreg.com/2018/07/05/woman-says-whitehaven-apartment-was-shot-up-during-fourth-of-july-celebrations/
2018-07-04,Oklahoma,Oklahoma City,6300 block of S Phillips Ave,0,0,http://www.gunviolencearchive.org/incident/1157979,https://newsok.com/article/5600519/3-arrested-in-fourth-of-july-drive-by-shooting
2018-07-04,Pennsylvania,Philadelphia,7000 block of Buist Ave,1,1,http://www.gunviolencearchive.org/incident/1156535,https://philadelphia.cbslocal.com/2018/07/05/authorities-off-duty-cop-hospitalized-after-deadly-double-shooting/
2018-07-04,Kentucky,Stanford,302 E Main St,0,0,http://www.gunviolencearchive.org/incident/1156139,http://www.lex18.com/story/38572500/police-arrest-man-after-finding-fully-loaded-gun-in-trash
2018-07-04,Nebraska,Lincoln,S 7th St and Garfield St,0,0,http://www.gunviolencearchive.org/incident/1156312,http://www.1011now.com/content/news/Two-arrested-for-drive-by-shooting-in-Lincoln-487670741.html
2018-07-04,Virginia,Portsmouth,1600 block of Watts Ave,1,0,http://www.gunviolencearchive.org/incident/1156647,https://pilotonline.com/news/local/crime/article_abece99a-803c-11e8-909e-c73d4eeb41c1.html
2018-07-04,Ohio,Franklin,Mentz Rd,0,0,http://www.gunviolencearchive.org/incident/1156549,https://www.cincinnati.com/story/news/crime/2018/07/05/armed-man-loose-last-seen-franklin-township/759433002/
2018-07-04,New York,Rochester,Ridgeway Ave and Lake Ave,0,0,http://www.gunviolencearchive.org/incident/1156154,http://www.whec.com/news/police-investigating-lake-avenue-incident/4975654/
2018-07-04,New Jersey,Newark,Broad St and Market St,0,0,http://www.gunviolencearchive.org/incident/1156163,https://www.rlsmedia.com/article/breaking-newark-nj-gunfire-erupts-downtown-newark
2018-07-04,New York,Rochester,Hawley St,0,1,http://www.gunviolencearchive.org/incident/1156316,http://www.whec.com/news/shooting-on-hawley-street-/4975991/?cat=565
2018-07-04,Texas,San Antonio,2700 block of Castroville Rd,1,2,http://www.gunviolencearchive.org/incident/1156023,https://www.kens5.com/article/news/sapd-3-arrested-in-deadly-fourth-of-july-road-rage-shooting/273-582301643
2018-07-04,New Jersey,Newark,Treacy Ave and Avon Ave,0,1,http://www.gunviolencearchive.org/incident/1156418,https://www.nj.com/essex/2019/02/man-accused-of-shooting-5-year-old-girl-weeks-after-getting-out-of-prison-is-going-back-on-a-gun-charge.html
2018-07-04,Kansas,Great Bend,800 block of Pine St,0,1,http://www.gunviolencearchive.org/incident/1157052,http://www.kake.com/story/38578773/man-hurt-another-arrested-in-great-bend-shooting
2018-07-04,Louisiana,Carencro,100 block of Lindsey Cir,1,0,http://www.gunviolencearchive.org/incident/1159315,http://www.houmatoday.com/news/20180602/police-report-may-31-june-2
2018-07-04,New York,Schenectady,132 Erie Blvd,0,0,http://www.gunviolencearchive.org/incident/1157055,http://cbs6albany.com/news/local/police-man-arrested-accused-of-shooting-at-girlfriend-in-schenectady
2018-07-04,Massachusetts,Boston,Claridge Terrace and Wentworth St,0,0,http://www.gunviolencearchive.org/incident/1157057,http://bpdnews.com/news/2018/7/5/one-less-gun
2018-07-04,Georgia,Savannah,,0,0,http://www.gunviolencearchive.org/incident/1158594,http://www.wtoc.com/story/38590857/celebratory-gunfire-damages-car-in-savannah-home-in-beaufort-county
2018-07-04,Louisiana,New Orleans,Desire Street,0,1,http://www.gunviolencearchive.org/incident/1156875,https://www.nola.com/crime/index.ssf/2018/07/man_shot_florida_area.html
2018-07-04,Tennessee,Savannah,650 Wayne Rd,0,1,http://www.gunviolencearchive.org/incident/1156725,https://www.wbbjtv.com/2018/07/09/4-in-custody-after-savannah-shooting-that-sent-pregnant-woman-to-hospital/
2018-07-04,Arizona,Phoenix,20th Ave and Southern Ave,0,0,http://www.gunviolencearchive.org/incident/1164077,https://www.abc15.com/news/crime/pd-woman-shot-at-in-phoenix-carjacking-attempt
2018-07-04,Missouri,Saint Louis,4500 N Broadway St,0,0,http://www.gunviolencearchive.org/incident/1183917,http://www.kmov.com/story/38860546/watch-shots-fired-into-sky-at-north-city-gas-station-as-part-of-growing-cruising-trend
2018-07-04,North Carolina,Red Springs,600 block of Eaglefeather Dr,1,0,http://www.gunviolencearchive.org/incident/1157348,http://www.fayobserver.com/news/20180705/robeson-sheriff-nephew-fatally-shot-by-uncle-at-july-4-family-gathering
2018-07-04,Illinois,Mattoon,2100 block of Prairie Ave,0,1,http://www.gunviolencearchive.org/incident/1159223,https://jg-tc.com/news/local/crime-and-courts/mattoon-man-arrested-on-firearm-charge/article_d63bc3fe-76ba-5a39-9a94-9a0f8c4fa555.html
2018-07-04,Colorado,Pueblo,,0,0,http://www.gunviolencearchive.org/incident/1157867,https://www.fox21news.com/news/crime/man-arrested-on-drug-gun-charges-in-pueblo/1287248651
2018-07-04,Virginia,Roanoke,1400 block of Orange Ave NW,0,1,http://www.gunviolencearchive.org/incident/1156016,https://www.wsls.com/news/virginia/roanoke/roanoke-officers-respond-to-crash-find-one-person-shot
2018-07-04,West Virginia,Mount Clare,Indiana Ave,0,0,http://www.gunviolencearchive.org/incident/1156951,https://www.wboy.com/news/crime/officers-arrest-nutter-fort-man-on-wanton-endangerment-charge/1285208972
2018-07-04,Virginia,Gretna,12000 Rockford School Rd,0,0,http://www.gunviolencearchive.org/incident/1156921,http://www.wdbj7.com/content/news/Man--487353741.html
2018-07-04,Indiana,South Bend,1700 block of Fassnacht Ave,0,1,http://www.gunviolencearchive.org/incident/1156925,https://www.southbendtribune.com/news/publicsafety/south-bend-police-investigate-shooting-that-injured--year-old/article_591f37d4-0163-5912-baad-c832013e5096.html
2018-07-04,Indiana,Evansville,2210 Sunburst Blvd,0,1,http://www.gunviolencearchive.org/incident/1156036,http://www.14news.com/story/38573678/epd-person-possibly-shot-at-apartment-during-argument
2018-07-04,Illinois,Chicago,1000 block of N Ridgeway Ave,1,0,http://www.gunviolencearchive.org/incident/1156775,https://chicago.suntimes.com/news/man-shot-on-fourth-of-july-in-humboldt-park-dies-3-days-later/
2018-07-04,West Virginia,Weston,Archwood Ln,0,1,http://www.gunviolencearchive.org/incident/1157892,https://www.wboy.com/news/crime/troopers-arrest-man-after-road-rage-shooting-incident-in-lewis-county/1285530072
2018-07-04,Mississippi,Gulfport,12000 block of Prudie Cir,0,1,http://www.gunviolencearchive.org/incident/1156038,https://www.sunherald.com/news/local/crime/article214325254.html
2018-07-04,Indiana,Fort Wayne,E Rudisill Blvd and S Calhoun St,0,1,http://www.gunviolencearchive.org/incident/1156955,http://www.fortwaynesnbc.com/story/38578911/woman-hit-in-the-head-by-celebratory-gunfire
2018-07-04,Illinois,Rockford,800 block of Oaklawn Ct,0,0,http://www.gunviolencearchive.org/incident/1158566,http://www.news-sentinel.com/news/local-news/2018/07/05/handgun-created-july-fourth-fireworks-ends-in-charges-fort-wayne-police-says/
2018-07-04,Louisiana,Shreveport,2100 Grimmett Dr,0,2,http://www.gunviolencearchive.org/incident/1158793,https://www.shreveporttimes.com/story/news/crime/2018/07/05/shreveport-shooting-leaves-2-injured-july-4/759432002/
2018-07-04,Missouri,Saint Louis (Mehlville),4800 block of Lemay Ferry Rd,1,0,http://www.gunviolencearchive.org/incident/1156358,https://fox2now.com/2018/07/06/man-charged-with-murder-after-shooting-motorcycle-thief/
2018-07-04,Tennessee,Memphis,E Holmes Rd and Riverdale Rd,0,2,http://www.gunviolencearchive.org/incident/1156072,https://wreg.com/2018/07/04/two-shot-in-southeast-shelby-county/
2018-07-04,Colorado,Pueblo,1200 block of E Abriendo Ave,1,0,http://www.gunviolencearchive.org/incident/1156220,https://www.chieftain.com/news/crime/pueblo-police-say-nephew-stabbed-uncle-before-being-shot-by/article_923ae5d5-b614-5758-bbb8-d1e9a93b9e7d.html
2018-07-04,Tennessee,Memphis,Winchester Rd and Getwell Rd,0,1,http://www.gunviolencearchive.org/incident/1156079,https://wreg.com/2018/07/04/police-investigating-homicide-multiple-shootings-across-city/
2018-07-04,Minnesota,Minneapolis (Robbinsdale),3848 W Broadway Ave,0,0,http://www.gunviolencearchive.org/incident/1156979,http://www.fox9.com/news/man-arrested-for-shooting-gun-into-air-ground-in-robbinsdale
2018-07-04,Washington,Richland,500 Amon Park Dr,0,1,http://www.gunviolencearchive.org/incident/1156448,https://www.tri-cityherald.com/news/local/crime/article218160850.html
2018-07-04,Georgia,Atlanta,5456 E Fayetteville Rd,1,3,http://www.gunviolencearchive.org/incident/1155906,https://www.wsbtv.com/news/local/clayton-county/1-killed-several-shot-after-fight-outside-bar/782788635
2018-07-05,Pennsylvania,Philadelphia,1600 block of W Nedro Ave,0,2,http://www.gunviolencearchive.org/incident/1157083,http://6abc.com/video-released-of-vehicle-involved-in-drive-by-shooting/3717592/
2018-07-05,Delaware,Smyrna,US 13 and Hickory Ridge Rd,0,0,http://www.gunviolencearchive.org/incident/1158928,https://www.delawareonline.com/story/news/crime/2018/07/07/police-find-blunt-gun-and-two-warrants-traffic-stop/765517002/
2018-07-05,Michigan,Bloomfield Hills (Bloomfield Township),6800 block of Halyard Rd,0,0,http://www.gunviolencearchive.org/incident/1162616,http://www.theoaklandpress.com/general-news/20180713/guns-stolen-in-separate-incidents-in-bloomfield-township
2018-07-05,Pennsylvania,Scranton,1231 S Main Ave,0,1,http://www.gunviolencearchive.org/incident/1156677,https://www.thetimes-tribune.com/news/two-men-in-custody-on-attempted-homicide-charges-after-early-morning-shooting-in-taylor-1.2358272
2018-07-05,Missouri,Saint Louis,N 4th St and Convention Plaza,0,2,http://www.gunviolencearchive.org/incident/1156587,http://www.kmov.com/story/38577102/1-killed-7-injured-during-violent-fourth-of-july-night-throughout-st-louis
2018-07-05,Ohio,Lima,1440 Bellefontaine Ave,1,5,http://www.gunviolencearchive.org/incident/1157733,https://www.limaohio.com/news/307940/one-dead-six-injured-after-shootings-at-lima-party
2018-07-05,Wisconsin,Camp Douglas,,0,0,http://www.gunviolencearchive.org/incident/1167067,https://www.wiscnews.com/juneaucountystartimes/news/local/crime-and-courts/police-schofield-man-found-with-drugs-and-submachine-gun/article_487f57ae-53a3-5b76-a813-d9b728f42416.html
2018-07-05,Wisconsin,Portage,,0,0,http://www.gunviolencearchive.org/incident/1167073,https://www.wiscnews.com/portagedailyregister/news/local/crime-and-courts/portage-teen-faces-felony-burglary-charge-alleged-stolen-gun-remains/article_4aec2f33-a0f2-5e2b-a779-635956544603.html
2018-07-05,Missouri,Saint Louis,1300 block of McLaran Ave,0,1,http://www.gunviolencearchive.org/incident/1156592,https://fox2now.com/2018/07/05/violent-thursday-morning-leaves-one-dead-6-wounded-in-separate-shootings/
2018-07-05,New Mexico,Clovis,,1,0,http://www.gunviolencearchive.org/incident/1157096,https://www.krqe.com/news/crime/da-considers-charges-after-cannon-airman-suffers-fatal-gunshot-wound/1295573376
2018-07-05,Nebraska,Omaha,600 S 27th St,1,0,http://www.gunviolencearchive.org/incident/1156789,http://www.wowt.com/content/news/Homicide-suspect-in-custody-489134761.html
2018-07-05,Ohio,Cleveland,835 E 140th St,0,1,http://www.gunviolencearchive.org/incident/1157742,https://www.cleveland.com/metro/index.ssf/2018/07/man_shot_outside_satans_sideki.html#incart_river_index
2018-07-05,Connecticut,Hartford,23 Marshall St,0,0,http://www.gunviolencearchive.org/incident/1158213,http://www.courant.com/breaking-news/hc-br-hartford-gang-roundup-part-2-20180706-story.html#
2018-07-05,New Jersey,Andover,,0,0,http://www.gunviolencearchive.org/incident/1166131,http://www.njherald.com/article/20180823/ARTICLE/180829989#
2018-07-05,Georgia,Fairburn,Marching Ln,0,1,http://www.gunviolencearchive.org/incident/1157482,https://www.mdjonline.com/neighbor_newspapers/south_metro/news/south-fulton-pd-seeks-shooter-stolen-lexus/article_bf5caac2-8075-11e8-9fc9-abc5c7c9c083.html
2018-07-05,Indiana,North Vernon,2400 block of IN 3,0,0,http://www.gunviolencearchive.org/incident/1159141,http://www.tribtown.com/2018/07/07/on_the_record__july_7-4/
2018-07-05,Rhode Island,Providence,Harriet St and Sayles St,0,0,http://www.gunviolencearchive.org/incident/1158163,http://www.providencejournal.com/news/20180706/providence-police-north-providence-man-tossed-handgun-when-officers-approached
2018-07-05,South Carolina,Anderson,Evergreen Street,0,1,http://www.gunviolencearchive.org/incident/1157234,https://myfox8.com/2018/07/06/sc-sheriff-says-3-year-old-girl-shot-wounded-in-dispute-over-fireworks/
2018-07-05,West Virginia,Upperglade,Givens Run,0,0,http://www.gunviolencearchive.org/incident/1157842,http://www.wdtv.com/content/news/Webster-County-man-charged-with-Wanton-Endangerment-487521941.html
2018-07-05,California,Marysville (Linda),1700 Block of Fernwood Dr,0,1,http://www.gunviolencearchive.org/incident/1157756,https://www.appeal-democrat.com/news/man-shot-near-edgewater-neighborhood-park/article_d9cff1b2-8146-11e8-8cbc-bfa43cacc3ab.html
2018-07-05,Florida,Crestview,892 W James Lee Blvd,0,1,http://www.gunviolencearchive.org/incident/1157191,http://www.wjhg.com/content/news/OCSO-Crestview-man-charged-after-Split-Oaks-Saloon-shooting-488806241.html
2018-07-05,Wisconsin,Milwaukee,40th and Florist,0,2,http://www.gunviolencearchive.org/incident/1156841,https://fox6now.com/2018/07/05/violent-fourth-of-july-milwaukee-police-respond-to-4-separate-shooting-in-less-than-12-hours/
2018-07-05,Nebraska,Lincoln,N 27th St and Cleveland Ave,0,0,http://www.gunviolencearchive.org/incident/1156785,http://www.1011now.com/content/news/Shots-fired-in-North-Lincoln-overnight--487375281.html
2018-07-05,Maryland,Baltimore,500 block of Denison St,1,0,http://www.gunviolencearchive.org/incident/1156506,http://www.baltimoresun.com/news/maryland/crime/bs-md-ci-two-men-shot-tuesday-20180710-story.html
2018-07-05,California,San Bernardino,1100 block of N Mayfield Ave,1,0,http://www.gunviolencearchive.org/incident/1157767,https://www.pe.com/2018/07/05/17-year-old-found-shot-to-death-in-san-bernardino/
2018-07-05,Massachusetts,Springfield,35 Westminster St,1,0,http://www.gunviolencearchive.org/incident/1157207,https://www.masslive.com/news/index.ssf/2018/07/springfield_man_killed_when_dr.html
2018-07-05,Virginia,Alexandria,8400 block of Del Norte Court,1,0,http://www.gunviolencearchive.org/incident/1158181,https://www.wusa9.com/article/news/local/fairfax/teen-dies-after-accidentally-shooting-himself-fairfax-police-says/65-571418153
2018-07-05,Idaho,Preston,,0,0,http://www.gunviolencearchive.org/incident/1157465,https://idahostatejournal.com/news/local/newlyweds-arrested-after-shots-fired-in-preston/article_1d32909c-a3af-5a4f-be25-0b1295fda8a4.html
2018-07-05,Idaho,Kimberly,715 Center Street East,2,0,http://www.gunviolencearchive.org/incident/1158313,http://www.kmvt.com/content/news/Police-release-names-in-Kimberly-murder-suicide-487525311.html
2018-07-05,Massachusetts,Brockton,38 Tremont St,0,1,http://www.gunviolencearchive.org/incident/1161120,http://www.enterprisenews.com/news/20180709/former-mayoral-candidate-brings-brockton-shooting-victim-to-hospital
2018-07-05,Oklahoma,Mcloud,500 block of W Heritage Park Cir,1,0,http://www.gunviolencearchive.org/incident/1156870,http://www.news-star.com/news/20180719/update-mcloud-shooting-death-ruled-self-defense-charges-declined
2018-07-05,Michigan,Mount Clemens,Court and Clemens Street,1,1,http://www.gunviolencearchive.org/incident/1156865,http://www.macombdaily.com/general-news/20180707/suspect-in-fatal-block-party-shooting-in-mount-clemens-captured?source=most_viewed
2018-07-05,New Jersey,Newark,100 block of Brunswick St,1,0,http://www.gunviolencearchive.org/incident/1157973,https://www.rlsmedia.com/article/update-essex-authorities-arrest-arrest-hillside-man-newark-murder
2018-07-05,Illinois,Decatur,,0,1,http://www.gunviolencearchive.org/incident/1157536,https://herald-review.com/news/local/crime-and-courts/new-details-police-working-around-the-clock-to-solve-murder/article_4ff95c65-ff6e-58f5-a06e-d4b09a0e97c0.html#tracking-source=home-top-story-1
2018-07-05,District of Columbia,Washington,1167 46th Pl SE,0,1,http://www.gunviolencearchive.org/incident/1156415,https://www.wusa9.com/article/news/local/dc/two-young-girls-shot-in-dc-over-the-summer-were-former-schoolmates/65-577098649
2018-07-05,Texas,Killeen,5300 block of Waterbank Lane,0,1,http://www.gunviolencearchive.org/incident/1158340,http://kdhnews.com/news/local/kpd-man-shoots-self-in-leg/article_387fae04-8148-11e8-91e4-2f74b00a0b4b.html
2018-07-05,Texas,Preston,200 S and 300 E,0,0,http://www.gunviolencearchive.org/incident/1158342,https://www.hjnews.com/news/crime_courts/preston-couple-jailed-after-alleged-dispute-leads-to-single-gunshot/article_a3fe2108-18cb-5b81-8966-db100c5bd401.html
2018-07-05,Delaware,Dover,S Governors Ave and Reed St,0,1,http://www.gunviolencearchive.org/incident/1156502,http://www.wmdt.com/news/delaware/one-person-injured-in-dover-shooting-investigation-ongoing/763446789
2018-07-05,District of Columbia,Washington,500 block of Newcomb St SE,1,2,http://www.gunviolencearchive.org/incident/1156486,https://mpdc.dc.gov/release/homicide-500-block-newcomb-street-southeast-0
2018-07-05,District of Columbia,Washington,1100 block of 48th St NE,0,2,http://www.gunviolencearchive.org/incident/1156485,https://wtop.com/dc/2018/07/8-people-shot-in-5-overnight-dc-shootings/
2018-07-05,Maryland,Baltimore,3900 block of Boarman Ave,0,0,http://www.gunviolencearchive.org/incident/1157576,https://www.facebook.com/BaltimoreCityPolice/posts/10155376913006956
2018-07-05,Missouri,Saint Louis,Lenor K Sullivan and Carr,0,1,http://www.gunviolencearchive.org/incident/1156590,https://www.ksdk.com/article/news/crime/1-dead-9-injured-in-shootings-throughout-fourth-of-july-night/63-570907850
2018-07-05,Virginia,Virginia Beach,,0,2,http://www.gunviolencearchive.org/incident/1156649,https://www.wate.com/news/national-world/police-6-people-shot-overnight-at-va-beach-oceanfront/1284726298
2018-07-05,Florida,Jacksonville,Carter Ln,0,1,http://www.gunviolencearchive.org/incident/1157635,https://www.news4jax.com/news/local/jacksonville/jacksonville-police-man-shot-in-wesconnett
2018-07-05,Florida,Zephyrhills,Anthony Ct,0,0,http://www.gunviolencearchive.org/incident/1157645,https://www.wfla.com/news/pasco-county/2-hour-standoff-ends-peacefully-in-zephyrhills/1285981564
2018-07-05,Ohio,Cleveland,Marah Ave and E 93rd St,1,2,http://www.gunviolencearchive.org/incident/1156556,https://www.cleveland.com/metro/index.ssf/2018/07/two_charged_in_fatal_shooting_1.html#incart_river_index
2018-07-05,Florida,Spring Hill,8080 Greenbrier Ct,0,0,http://www.gunviolencearchive.org/incident/1157649,https://www.rnrfonline.com/several-people-evacuated-after-wanted-person-barricades-himself-inside-spring-hill-home/
2018-07-05,California,La Habra,320 E Erna Ave,1,1,http://www.gunviolencearchive.org/incident/1157658,https://www.nbclosangeles.com/news/local/La-Habra-Shooting-Death-Park-man-child-487456411.html
2018-07-05,Louisiana,Chalmette,500 block of Pierre St,1,0,http://www.gunviolencearchive.org/incident/1157671,https://www.theadvocate.com/new_orleans/news/crime_police/article_36608e44-80e0-11e8-826d-9bccdda7d75a.html
2018-07-05,California,Fresno,4817 S Chestnut Ave,0,1,http://www.gunviolencearchive.org/incident/1157675,https://www.fresnobee.com/news/local/crime/article214417904.html
2018-07-04,Missouri,Independence,13000 block of E 35th Ct,0,3,http://www.gunviolencearchive.org/incident/1156761,http://www.kmbc.com/article/3-injured-in-fourth-of-july-shooting-incident-in-independence/22063838
2018-07-04,Texas,Houston,4200 San Jacinto St,0,1,http://www.gunviolencearchive.org/incident/1158075,https://www.chron.com/news/houston-texas/article/Houston-man-arrested-after-shooting-self-in-leg-13053832.php
2018-07-04,Pennsylvania,Ephrata,39 E Queen St,0,2,http://www.gunviolencearchive.org/incident/1156656,https://lancasteronline.com/news/local/report-of-a-shooting-july-in-ephrata-was-false-police/article_ebd16eae-82d6-11e8-a9f2-07c694e41668.html
2018-07-04,Maryland,Perryville,I-95,0,0,http://www.gunviolencearchive.org/incident/1159155,http://www.thebaynet.com/articles/0718/traffic-stop-leads-to-arrest-for-guns-drugs.html
2018-07-04,Illinois,Chicago,2300 block of N Mobile Ave,0,1,http://www.gunviolencearchive.org/incident/1156758,https://chicago.suntimes.com/news/man-shot-watching-fireworks-belmont-central/
2018-07-04,Indiana,North Vernon,E O and M Ave,0,0,http://www.gunviolencearchive.org/incident/1159160,http://www.tribtown.com/2018/07/06/on_the_record__july_6-4/
2018-07-04,California,Hilmar,18800 block of Geer Ave,0,0,http://www.gunviolencearchive.org/incident/1157758,https://www.mercedsunstar.com/news/local/crime/article214388274.html
2018-07-04,Maryland,Baltimore,3700 block of W 5th St,1,0,http://www.gunviolencearchive.org/incident/1155838,http://www.baltimoresun.com/news/maryland/crime/bs-md-ci-two-men-shot-tuesday-20180710-story.html
2018-07-04,North Carolina,Raleigh,Town and Country Rd and Kingsley Rd,0,1,http://www.gunviolencearchive.org/incident/1158697,https://www.newsobserver.com/news/local/article214637680.html
2018-07-04,Tennessee,Memphis,3100 block of Summer Ave,1,0,http://www.gunviolencearchive.org/incident/1155996,https://wreg.com/2018/07/04/family-says-father-of-7-shot-while-getting-sandwich-on-summer-avenue/
2018-07-04,Kentucky,Lexington,Laredo Drive and Downing Place,0,2,http://www.gunviolencearchive.org/incident/1155964,http://www.lex18.com/story/38571132/father-son-shot-on-laredo-drive
2018-07-04,Missouri,Kansas City,12300 block of E 69th St,0,0,http://www.gunviolencearchive.org/incident/1157778,https://www.kansascity.com/news/local/crime/article214364894.html
2018-07-04,Missouri,Kansas City,4200 block of Vineyard Rd,0,0,http://www.gunviolencearchive.org/incident/1157782,https://www.kansascity.com/news/local/crime/article214364894.html
2018-07-04,California,Salinas,,0,0,http://www.gunviolencearchive.org/incident/1157788,https://www.thecalifornian.com/story/news/2018/07/05/police-man-had-no-id-but-did-have-stolen-gun-weed/760683002/
2018-07-04,Virginia,Hampton,1000 block of E Pembroke Ave,1,0,http://www.gunviolencearchive.org/incident/1156014,https://wtkr.com/2018/07/05/man-arrested-in-connection-with-hampton-fourth-of-july-homicide/
2018-07-04,Texas,Dallas,3102 W Camp Wisdom Rd,0,1,http://www.gunviolencearchive.org/incident/1156731,http://www.foxnews.com/us/2018/07/05/texas-mom-shoots-man-trying-to-take-car-with-her-kids-inside-at-gas-station-hope-that-woke-him-up.html
2018-07-04,Texas,Harlingen,700 block of South J St,0,0,http://www.gunviolencearchive.org/incident/1158509,https://valleycentral.com/news/local/police-harlingen-man-arrested-after-firing-shotgun-into-the-air-on-fourth-of-july
2018-07-04,Maryland,Baltimore,1600 block of Langford Rd,0,1,http://www.gunviolencearchive.org/incident/1155994,http://www.baltimoresun.com/news/maryland/crime/bs-md-co-shooting-fourth-20180704-story.html
2018-07-04,Virginia,Virginia Beach,1307 Atlantic Ave,0,2,http://www.gunviolencearchive.org/incident/1156020,https://www.wavy.com/news/local-news/virginia-beach/2-people-shot-near-virginia-beach-oceanfront/1282644596
2018-07-04,Wisconsin,Milwaukee,,0,1,http://www.gunviolencearchive.org/incident/1156834,https://fox6now.com/2018/07/05/violent-fourth-of-july-milwaukee-police-respond-to-4-separate-shooting-in-less-than-12-hours/
2018-07-04,California,Oakland,2000 block of 84th Avenue,0,1,http://www.gunviolencearchive.org/incident/1156849,https://www.eastbaytimes.com/2018/07/05/three-men-wounded-in-oakland-shootings/
2018-07-04,Florida,Boynton Beach,100 block of NE 11th Ave,0,1,http://www.gunviolencearchive.org/incident/1155820,https://www.palmbeachpost.com/news/crime--law/man-accidentally-shoots-self-foot-turns-out-convicted-felon/lFRsv7HyxcpkMoLdFPxnBK/
2018-07-04,Illinois,East Saint Louis,5851 Bond Ave,1,2,http://www.gunviolencearchive.org/incident/1156603,https://www.bnd.com/news/local/crime/article214354349.html
2018-07-04,Virginia,Pound,S Fork Rd,0,1,http://www.gunviolencearchive.org/incident/1544692,https://www.thecoalfieldprogress.com/articles/11692/view
2018-07-04,North Carolina,Charlotte,1400 block of Jordan Pond Ln,0,2,http://www.gunviolencearchive.org/incident/1157311,http://www.wbtv.com/story/38575803/woman-man-injured-after-gunfire-erupts-at-northwest-charlotte-house-party
2018-07-05,Massachusetts,Pittsfield,Center St,0,0,http://www.gunviolencearchive.org/incident/1206692,"https://www.berkshireeagle.com/stories/berkshire-superior-court,549822"
2018-07-05,New Mexico,Portales,,0,0,http://www.gunviolencearchive.org/incident/1163666,http://www.newschannel10.com/story/38646532/portales-man-accused-of-shooting-at-bank-worker-outside-home
2018-07-05,Tennessee,Chattanooga,500 block of Workman Rd,0,1,http://www.gunviolencearchive.org/incident/1157765,https://wdef.com/2018/07/06/chattanooga-police-still-looking-shooting-scene/
2018-07-05,Texas,Houston,New York St and Hull St,0,1,http://www.gunviolencearchive.org/incident/1157264,https://www.click2houston.com/news/man-shot-in-back-several-times-at-store-in-houstons-south-side
2018-07-05,Nevada,Las Vegas,5000 block of Mountain Vista St,1,2,http://www.gunviolencearchive.org/incident/1157693,https://gcmaz.com/flagstaff-man-arrested-after-a-six-hour-standoff-at-kinnikinick-lake/https://www.reviewjournal.com/crime/homicides/las-vegas-police-arrest-4-in-fatal-shooting-in-east-valley/
2018-07-05,Illinois,Rockford,1400 block of 4th Ave,0,2,http://www.gunviolencearchive.org/incident/1157271,http://www.wifr.com/content/news/Two-men-shot-during-Fourth-of-July-party-487406651.html
2018-07-05,Nebraska,Lincoln,1800 Knox St,0,0,http://www.gunviolencearchive.org/incident/1156802,https://journalstar.com/news/local/911/police-arrest-suspect-in-shooting-at-north-lincoln-apartment-complex/article_31d975f5-6996-58c5-9794-d43ddd904bb9.html
2018-07-05,Illinois,Rockford,Ridge Ave and Paradise Blvd,0,1,http://www.gunviolencearchive.org/incident/1158773,http://www.rrstar.com/news/20180705/attempted-armed-robbery-of-motorist-ends-in-driver-being-shot-in-rockford
2018-07-05,Tennessee,Afton,100 block of Preacher Laws Rd,0,0,http://www.gunviolencearchive.org/incident/1158170,https://www.greenevillesun.com/news/local_news/security-lights-shot-out-at-homes/article_05ce72c3-f287-5368-a139-1430c2c987b2.html
2018-07-05,Illinois,Decatur,500 block of W Packard St,1,0,http://www.gunviolencearchive.org/incident/1157534,http://www.vermilioncountyfirst.com/2018/07/05/danville-man-fatally-shot-in-decatur/
2018-07-05,Illinois,Danville,1300 block of Lape St,2,0,http://www.gunviolencearchive.org/incident/1156846,http://www.vermilioncountyfirst.com/2018/07/05/danville-police-probe-double-homicide/
2018-07-05,Mississippi,Winona,Silver St,1,0,http://www.gunviolencearchive.org/incident/1158264,http://www.wtva.com/content/news/UPDATE-Winona-murder-suspect-appears-in-court--487812891.html
2018-07-05,North Carolina,High Point,600 block of Wesley Drive,0,2,http://www.gunviolencearchive.org/incident/1157303,https://myfox8.com/2018/07/05/2-people-injured-in-high-point-shooting/
2018-07-05,New York,Albany,Henry Johnson Blvd and Clinton Ave,0,0,http://www.gunviolencearchive.org/incident/1158194,https://www.timesunion.com/7dayarchive/article/Albany-man-arrested-on-weapons-possession-charges-13053833.php
2018-07-05,California,San Andreas,Mountain Ranch Rd,1,0,http://www.gunviolencearchive.org/incident/1157774,http://www.crimevoice.com/2018/07/24/fatal-officer-involved-shooting/
2018-07-05,Washington,Tacoma (Parkland),,0,1,http://www.gunviolencearchive.org/incident/1160222,https://www.thenewstribune.com/news/local/crime/article214559060.html
2018-07-05,Texas,Corpus Christi,10600 block of Larkwood Stt,0,1,http://www.gunviolencearchive.org/incident/1158208,https://www.caller.com/story/news/crime/2018/07/06/police-search-annaville-shooting-suspect/762612002/
2018-07-05,Tennessee,Nashville,Vanderhorst Dr,0,0,http://www.gunviolencearchive.org/incident/1163074,http://www.wsmv.com/story/38635386/teen-charged-in-connection-with-two-carjackings
2018-07-05,Washington,Lakewood,14400 block of Washington Avenue Southwest,0,0,http://www.gunviolencearchive.org/incident/1160246,https://www.thenewstribune.com/news/local/crime/article214559060.html
2018-07-05,Alabama,Birmingham,100 block of Oporto-Madrid Blvd S,1,0,http://www.gunviolencearchive.org/incident/1159097,https://www.al.com/news/birmingham/index.ssf/2018/07/suspect_jailed_in_shooting_dea.html#incart_river_index
2018-07-05,South Carolina,Columbia,High Street,0,1,http://www.gunviolencearchive.org/incident/1157340,http://www.wtoc.com/story/38576533/cpd-investigating-shooting-on-high-st-one-person-injured
2018-07-05,Missouri,Saint Louis,1100 block of Dillon,1,0,http://www.gunviolencearchive.org/incident/1157910,http://www.kmov.com/story/38583802/man-shot-near-lafayette-square
2018-07-05,Idaho,Pocatello,4500 block of S Fifth Ave,0,0,http://www.gunviolencearchive.org/incident/1161705,https://idahostatejournal.com/news/local/pocatello-police-arrest-men-for-alleged-assaults-involving-weapons/article_922ac98f-be3e-5085-9dd7-79ef561d05cb.html
2018-07-05,Massachusetts,Brockton,192 N Warren Ave,0,1,http://www.gunviolencearchive.org/incident/1158225,http://www.enterprisenews.com/news/20180706/2-guns-seized-5-juveniles-arrested-after-man-assaulted-in-brockton?rssfeed=true
2018-07-05,New York,Brooklyn,280 Herkimer St,0,4,http://www.gunviolencearchive.org/incident/1156480,http://abc7ny.com/4-shot-in-the-legs-in-bedford-stuyvesant/3709064/
2018-07-04,Massachusetts,Boston,Washington St and Columbia Rd,0,0,http://www.gunviolencearchive.org/incident/1156399,https://twitter.com/stacos/status/1014706960850145281
2018-07-04,Kentucky,Eubank,416 Northern Crossing,0,1,http://www.gunviolencearchive.org/incident/1156401,http://www.wkyt.com/content/news/Deputies-investigate-Pulaski-County-shooting-487363861.html
2018-07-05,Indiana,Indianapolis,200 block of E Washington St,0,1,http://www.gunviolencearchive.org/incident/1156886,https://fox59.com/2018/07/05/teen-found-with-gunshot-wound-at-downtown-bus-depot/
2018-07-05,Illinois,Chicago,7200 block of S South Shore Dr,0,1,http://www.gunviolencearchive.org/incident/1157834,https://chicago.suntimes.com/news/man-shot-passenger-driving-south-shore/
2018-07-05,Colorado,Grand Junction,400 block of N 25th St,0,0,http://www.gunviolencearchive.org/incident/1157845,https://www.gjsentinel.com/news/blotter/blotter-july/article_083fb72a-80df-11e8-b3ef-10604b9f7e7c.html
2018-07-05,Indiana,Columbus,1710 17th St,0,0,http://www.gunviolencearchive.org/incident/1156877,https://www.wthr.com/article/police-look-pair-who-took-10-guns-columbus-business
2018-07-05,South Carolina,West Columbia,925 Glenn Street,2,1,http://www.gunviolencearchive.org/incident/1157333,http://www.wistv.com/story/38640978/police-suspect-in-west-cola-double-murder-arrested-shot-victims-in-the-back-of-the-head-during-robbery
2018-07-05,Illinois,Chicago,4100 block of W Madison St,0,1,http://www.gunviolencearchive.org/incident/1157858,https://chicago.suntimes.com/news/boy-shot-in-west-garfield-park-2/
2018-07-05,Louisiana,Franklin,Ibert Street,2,0,http://www.gunviolencearchive.org/incident/1156905,https://www.klfy.com/news/local/two-dead-in-franklin-murder-suicide/1285135255
2018-07-05,Utah,Preston,197 S 300 E,0,0,http://www.gunviolencearchive.org/incident/1158272,https://www.hjnews.com/news/crime_courts/preston-couple-jailed-after-alleged-dispute-leads-to-single-gunshot/article_a3fe2108-18cb-5b81-8966-db100c5bd401.html
2018-07-05,Kansas,Lawrence,,0,1,http://www.gunviolencearchive.org/incident/1264416,http://www.kake.com/story/39546654/self-defense-cited-in-shooting-of-teen-during-fireworks-war
2018-07-05,Indiana,Elkhart,1000 block of W Garfield Ave,0,1,http://www.gunviolencearchive.org/incident/1156827,https://www.southbendtribune.com/news/publicsafety/boy-shot-in-elkhart-early-thursday/article_53b9d2d9-3f10-5501-87ee-8af138676640.html
2018-07-05,Virginia,Danville,200 block of Clement Ave,1,0,http://www.gunviolencearchive.org/incident/1156933,http://www.wdbj7.com/content/news/Police-Danville-man-arrested-after--488109801.html
2018-07-05,Ohio,Cleveland,,0,1,http://www.gunviolencearchive.org/incident/1162093,https://www.cleveland.com/solon/index.ssf/2018/07/woman_slumped_over_wheel_in_gr.html#incart_river_index
2018-07-05,Kentucky,Louisville,28 Colonial Oaks Ct,1,0,http://www.gunviolencearchive.org/incident/1157130,http://www.wave3.com/story/38587638/officer-suspect-in-deadly-shooting-identified
2018-07-05,Missouri,Saint Louis,W Florissant Ave and Ferguson Ave,0,1,http://www.gunviolencearchive.org/incident/1157915,http://www.kmov.com/story/38582610/victim-shot-in-parking-lot-of-church-in-ferguson-police-say
2018-07-05,Tennessee,Jackson,504 Daugherty St,0,1,http://www.gunviolencearchive.org/incident/1156969,https://www.wbbjtv.com/2018/07/05/man-shot-during-alleged-jackson-home-invasion/
2018-07-05,Colorado,Denver,Gilpin St and E 29th Ave,0,1,http://www.gunviolencearchive.org/incident/1156976,https://twitter.com/DenverPolice/status/1015002196461563904
2018-07-05,California,Fresno,3700 block of N Abby St,1,0,http://www.gunviolencearchive.org/incident/1157682,http://abc30.com/police-search-for-suspect-after-man-killed-in-central-fresno-shooting/3716231/
2018-07-05,California,San Bruno,San Marco Avenue,0,0,http://www.gunviolencearchive.org/incident/1159255,https://www.kron4.com/news/bay-area/san-bruno-man-mysteriously-finds-duffel-bag-filled-with-guns-ammo-in-home/1287785098
2018-07-05,Michigan,Detroit,14300 block of Dolphin St,1,0,http://www.gunviolencearchive.org/incident/1159951,https://www.detroitnews.com/story/news/local/detroit-city/2018/07/09/man-woman-charged-july-5-homicide/767681002/
2018-07-05,Kentucky,Lexington,Huntsville Dr,0,0,http://www.gunviolencearchive.org/incident/1157945,http://www.lex18.com/story/38584934/police-suspect-fires-gun-during-altercation-damages-nearby-homes
2018-07-05,Nebraska,Lincoln,Lake St and S 34th St,0,0,http://www.gunviolencearchive.org/incident/1157948,https://journalstar.com/news/local/911/shots-fired-by-strangers-at-woman-s-july-th-party/article_c6e6ff90-eeb0-5e93-8f12-9281d7a1b57a.html
2018-07-05,Virginia,Garrisonville,Minuteman Cir,0,1,http://www.gunviolencearchive.org/incident/1158610,https://www.fredericksburg.com/news/crime_courts/man-gets-year-in-prison-for-role-in-stafford-attack/article_51076750-058c-56e5-a300-7be3f4fc8a6d.html
2018-07-05,New Jersey,Newark,172 Lincoln Ave,1,1,http://www.gunviolencearchive.org/incident/1157968,https://www.nj.com/essex/index.ssf/2018/07/3_gunned_down_in_bloody_2-day_period_in_newark.html#incart_river_index
2018-07-05,Tennessee,Memphis,Alice St,0,0,http://www.gunviolencearchive.org/incident/1157018,https://wreg.com/2018/07/05/south-memphis-home-shot-up-early-thursday-morning/
2018-07-05,Virginia,Virginia Beach,1800 block of Atlantic Ave,0,6,http://www.gunviolencearchive.org/incident/1156638,https://wtkr.com/2018/07/10/police-arrest-suspect-in-connection-with-july-4-holiday-oceanfront-shooting-that-injured-six/
2018-07-05,North Dakota,Devils Lake,14th Ave NE and 3rd St NE,1,0,http://www.gunviolencearchive.org/incident/1157376,https://www.devilslakejournal.com/news/20181119/no-charges-in-fuller-shooting
2018-07-05,Rhode Island,Providence,,0,1,http://www.gunviolencearchive.org/incident/1157143,http://www.providencejournal.com/news/20180705/man-shot-in-providence-wont-tell-police-his-name?rssfeed=true
2018-07-05,Florida,Eustis,406 N Center St,1,0,http://www.gunviolencearchive.org/incident/1157154,http://www.orlandosentinel.com/news/lake/os-lake-officer-shooting-20180705-story.html
2018-07-05,North Carolina,Asheboro,1114 Martin Luther King Jr Dr,0,0,http://www.gunviolencearchive.org/incident/1158642,http://www.courier-tribune.com/news/20180706/man-allegedly-charges-firearm-during-drug-deal
2018-07-05,Texas,Houston,10802 Greencreek Dr,1,0,http://www.gunviolencearchive.org/incident/1158087,https://www.chron.com/neighborhood/cyfair/news/article/Reports-Man-dead-in-NW-Harris-County-shooting-13053536.php
2018-07-05,Oregon,Gladstone,95 82nd Ave,0,1,http://www.gunviolencearchive.org/incident/1159405,http://www.kptv.com/story/38585515/police-respond-to-shots-fired-at-gladstone-safeway-one-person-injured
2018-07-05,Florida,Miami,Palmetto Expwy,0,0,http://www.gunviolencearchive.org/incident/1157196,https://www.nbcmiami.com/news/local/Police-Investigating-Possible-Road-Rage-Incident-in-Miami-Dade-487424301.html
2018-07-05,North Carolina,Elizabeth City,500 block of Edge St,0,2,http://www.gunviolencearchive.org/incident/1158672,http://www.dailyadvance.com/News/2018/07/06/Shooting-of-2-men-probed.html
2018-07-05,Pennsylvania,Manheim,100 block of N Main St,0,0,http://www.gunviolencearchive.org/incident/1159742,https://local21news.com/news/local/manheim-home-invasion-suspect-in-custody-second-suspect-still-wanted-by-police
2018-07-05,California,Stockton,6000 block of Morgan Place,0,1,http://www.gunviolencearchive.org/incident/1158686,http://www.recordnet.com/news/20180706/911-brief-july-6-2018?start=2
2018-07-05,California,Stockton,4000 block of Denby Lane,0,1,http://www.gunviolencearchive.org/incident/1158689,http://www.recordnet.com/news/20180706/911-brief-july-6-2018?start=2
2018-07-05,Washington,Kent (Covington),17400 block of SE Wax Rd,1,0,http://www.gunviolencearchive.org/incident/1157487,https://www.seattlepi.com/local/crime/article/Man-who-killed-friend-didn-t-know-gun-loaded-13064068.php
2018-07-05,Idaho,Meridian,2200 block of Horse Creek Ct,2,0,http://www.gunviolencearchive.org/incident/1158304,https://www.ktvb.com/article/news/crime/coroner-identifies-pair-killed-in-meridian-murder-suicide/277-571976751
2018-07-05,California,Earlimart,700 block of East Franklin Avenue,0,0,http://www.gunviolencearchive.org/incident/1158701,https://www.fresnobee.com/news/local/crime/article214484999.html
2018-07-05,Mississippi,Moorhead,US-82 and MS-3,2,0,http://www.gunviolencearchive.org/incident/1157086,http://www.wlox.com/story/38579934/father-kidnaps-kills-1-year-old-daughter-before-turning-gun-on-himself
2018-07-05,New York,Richford,Light Rd,0,2,http://www.gunviolencearchive.org/incident/1157531,https://www.pressconnects.com/story/news/public-safety/2018/07/09/tioga-richford-shooting-ithaca-police/768875002/
2018-07-05,Florida,Lake Placid,,0,0,http://www.gunviolencearchive.org/incident/1157241,http://yoursun.com/sunnews/sebring/14768988-699/story.html.csp
2018-07-05,New York,Kingston,68 Prospect St,0,1,http://www.gunviolencearchive.org/incident/1160964,http://www.midhudsonnews.com/News/2018/July/11/King_shoot_peace-11Jul18.html
2018-07-05,South Carolina,Lancaster,Michaw St,0,0,http://www.gunviolencearchive.org/incident/1158109,https://www.heraldonline.com/latest-news/article214463604.html
2018-07-05,North Carolina,King,Whispering Pines Ln,0,0,http://www.gunviolencearchive.org/incident/1160129,https://www.journalnow.com/news/crime/used-needles-drugs-gun-found-in-unsanitary-home-where-children/article_fcdf88d5-0d1f-5186-a5bf-53edd7956cd7.html
2018-07-05,Missouri,Saint Louis,4231 Natural Bridge Ave,1,0,http://www.gunviolencearchive.org/incident/1157912,https://www.ksdk.com/article/news/crime/man-charged-with-fatal-metro-bus-shooting-admits-to-second-murder/63-575196146
2018-07-05,Alabama,Birmingham (Center Point),2800 block of 7th Street NE,0,1,http://www.gunviolencearchive.org/incident/1157250,http://www.wbrc.com/story/38583281/jeffco-woman-shoots-estranged-husband-during-attempted-sexual-assault
2018-07-05,Louisiana,New Orleans,2300 block of Bienville St,0,0,http://www.gunviolencearchive.org/incident/1158124,https://www.nola.com/crime/index.ssf/2018/07/two_stabbed_and_one_carjacked.html
2018-07-05,Illinois,Springfield,1500 block of E Cook St,0,1,http://www.gunviolencearchive.org/incident/1158745,http://www.sj-r.com/news/20180705/springfield-police-investigating-shooting-on-cook-street
2018-07-05,Florida,Panama City (Callaway),,0,0,http://www.gunviolencearchive.org/incident/1157255,http://www.newsherald.com/news/20180705/blotter-sticky-situation-with-gun-in-restroom
2018-07-04,Ohio,Youngstown,Silliman St,0,1,http://www.gunviolencearchive.org/incident/1156624,http://www.vindy.com/news/2018/jul/05/youngstown-police-investigating-west-side-shooting/
2018-07-04,Connecticut,Stratford,,0,0,http://www.gunviolencearchive.org/incident/1157604,https://www.doingitlocal.com/2018/07/stratford-news-weapon-and-drug-arrest/
2018-07-04,Florida,North Palm Beach,700 block of Northlake Blvd,0,0,http://www.gunviolencearchive.org/incident/1155815,https://www.palmbeachpost.com/news/crime--law/woman-irate-over-sparse-locks-remaining-after-hair-extensions-removed/5JxM82lC3P3MSeL7HGBe6K/
2018-07-04,Florida,Port Saint Lucie,8600 block of S US 1,0,0,http://www.gunviolencearchive.org/incident/1155817,https://www.palmbeachpost.com/news/crime--law/woman-irate-over-sparse-locks-remaining-after-hair-extensions-removed/5JxM82lC3P3MSeL7HGBe6K/
2018-07-04,Florida,Loxahatchee,12800 block of 67th St N,0,0,http://www.gunviolencearchive.org/incident/1155819,https://www.palmbeachpost.com/news/crime--law/central-blotter-owner-missing-pineapple-plants-tracks-dirt-trail-find-thief/TDTegWxy8ZIvy8VFnvNHRL/
2018-07-04,Massachusetts,Boston,Pierpont Rd,0,0,http://www.gunviolencearchive.org/incident/1156387,https://twitter.com/stacos/status/1014594820332015616
2018-07-04,Florida,Boynton Beach,1900 block of NW First St,0,0,http://www.gunviolencearchive.org/incident/1155824,https://www.palmbeachpost.com/news/crime--law/man-accidentally-shoots-self-foot-turns-out-convicted-felon/lFRsv7HyxcpkMoLdFPxnBK/
2018-07-04,Florida,Boynton Beach,1000 block of S Chippewa Cir,0,0,http://www.gunviolencearchive.org/incident/1155828,https://www.palmbeachpost.com/news/crime--law/man-accidentally-shoots-self-foot-turns-out-convicted-felon/lFRsv7HyxcpkMoLdFPxnBK/
2018-07-04,Florida,Boca Raton,5100 block of NW Eighth Ave,0,0,http://www.gunviolencearchive.org/incident/1155829,https://www.palmbeachpost.com/news/crime--law/man-accidentally-shoots-self-foot-turns-out-convicted-felon/lFRsv7HyxcpkMoLdFPxnBK/
2018-07-04,Illinois,Chicago,300 block of S Kilpatrick Ave,0,1,http://www.gunviolencearchive.org/incident/1155834,https://chicago.suntimes.com/news/woman-shot-in-west-garfield-park-8/
2018-07-04,Florida,Miami (Miami Shores),10000 Biscayne Blvd,0,1,http://www.gunviolencearchive.org/incident/1157643,https://www.local10.com/news/florida/miami-dade/woman-shot-in-leg-while-watching-fireworks-with-children-in-miami-shores
2018-07-04,Maryland,Baltimore,200 block of Greenmount Ave,0,1,http://www.gunviolencearchive.org/incident/1155840,http://foxbaltimore.com/news/local/man-injured-woman-killed-in-separate-4th-of-july-shootings
2018-07-04,Florida,Jacksonville,Moncrief Rd,0,1,http://www.gunviolencearchive.org/incident/1155846,https://www.news4jax.com/news/crime/woman-shot-on-moncrief-road-police-say
2018-07-04,Illinois,Chicago,2600 block of N Major Ave,0,1,http://www.gunviolencearchive.org/incident/1155848,https://chicago.suntimes.com/news/man-shot-in-the-back-1-in-custody-in-belmont-central/
2018-07-04,Illinois,Des Plaines,1200 block of E Washington St,0,1,http://www.gunviolencearchive.org/incident/1170676,https://chicago.suntimes.com/crime/armed-man-shot-by-ex-girlfriend-after-breaking-into-her-apartment-in-des-plaines/
2018-07-04,Florida,Tampa,9202 Anderson Rd,0,2,http://www.gunviolencearchive.org/incident/1155865,https://www.wfla.com/news/hillsborough-county/2-injured-in-gunfight-at-town-n-country-bar/1282714944
2018-07-04,Missouri,Willard,100 block of Pebble Creek Ln,0,0,http://www.gunviolencearchive.org/incident/1281689,https://www.news-leader.com/story/news/crime/2018/12/20/willard-man-charged-independence-day-fireworks-dispute/2361808002/
2018-07-04,Pennsylvania,Coal Center,960 Pike Run Dr,0,0,http://www.gunviolencearchive.org/incident/1157651,https://observer-reporter.com/news/policebeat/
2018-07-04,Illinois,Chicago,5200 block of South Ashland,0,1,http://www.gunviolencearchive.org/incident/1155858,https://chicago.suntimes.com/news/man-seriously-wounded-in-back-of-the-yards-shooting-8/
2018-07-04,Wisconsin,Milwaukee,48th and Fairmount,0,1,http://www.gunviolencearchive.org/incident/1156832,https://fox6now.com/2018/07/05/violent-fourth-of-july-milwaukee-police-respond-to-4-separate-shooting-in-less-than-12-hours/
2018-07-04,California,Reedley,5600 block of S Crawford Ave,0,2,http://www.gunviolencearchive.org/incident/1157667,https://www.fresnobee.com/news/local/crime/article214397474.html
2018-07-04,California,Reedley,200 block of E Parlier Ave,0,1,http://www.gunviolencearchive.org/incident/1157673,https://www.fresnobee.com/news/local/crime/article214397474.html
2018-07-04,Alaska,Wasilla,Beverly Lake Rd,1,0,http://www.gunviolencearchive.org/incident/1157516,https://dps.alaska.gov/dailydispatch/Home/DisplayIncident?incidentNumber=AK18045949
2018-07-04,Delaware,Frankford,Jones Church Rd,0,0,http://www.gunviolencearchive.org/incident/1156504,https://www.delaware1059.com/news/millsboro-burglary-suspect-arrested-on-drug-charges-in-frankford/article_e63f336a-7fe6-11e8-8ae6-ebf6f8f0a441.html
2018-07-04,New Jersey,Elizabeth,3rd St and Magnolia Ave,0,2,http://www.gunviolencearchive.org/incident/1156513,https://www.rlsmedia.com/article/update-elizabeth-police-arrest-4th-july-shooting-suspect-who-injured-teen-girl
2018-07-05,Virginia,Norfolk,7400 block of Fenner St,0,1,http://www.gunviolencearchive.org/incident/1156654,https://wtkr.com/2018/07/06/norfolk-police-investigate-shooting-after-woman-walks-into-hospital-with-gunshot-wound/
2018-07-05,Ohio,Cincinnati,800 block of Dutch Colony Dr,0,1,http://www.gunviolencearchive.org/incident/1156551,http://www.wlwt.com/article/police-searching-for-suspects-after-drive-by-shooting-in-winton-hills/22057165waters/22054630
2018-07-05,Virginia,Lynchburg,1100 block of Early St,0,1,http://www.gunviolencearchive.org/incident/1156928,https://www.wsls.com/news/virginia/lynchburg/lynchburg-shooting-sends-1-to-hospital
2018-07-05,Georgia,Pembroke,GA-67,0,0,http://www.gunviolencearchive.org/incident/1157490,https://www.statesboroherald.com/local/police-report/police-report-76/
2018-07-05,Ohio,Toledo,200 block of Kevin Pl,0,2,http://www.gunviolencearchive.org/incident/1158018,http://www.toledoblade.com/Police-Fire/2018/07/06/2-hurt-in-Toledo-shooting.html
2018-07-05,California,Antioch,4400 block of Delta Fair Boulevard,2,0,http://www.gunviolencearchive.org/incident/1156856,https://www.eastbaytimes.com/2018/07/06/tight-knit-family-loses-mother-daughter-in-antioch-double-homicide/
2018-07-05,Delaware,Wilmington,200 block of S Harrison St,0,1,http://www.gunviolencearchive.org/incident/1157039,http://data.delawareonline.com/webapps/crime/917/man-shot-shoulder/
2018-07-05,Alabama,Creola,,0,0,http://www.gunviolencearchive.org/incident/1345158,https://www.justice.gov/usao-sdal/pr/mobile-county-man-receives-60-months-after-conviction-conspiring-steal-firearms
2018-07-05,California,Santa Ana,3000 block of West 5th Street,1,0,http://www.gunviolencearchive.org/incident/1157343,https://www.nbclosangeles.com/on-air/as-seen-on/Man-Shot-and-Killed-on-Way-to-Work_Los-Angeles-487459421.html
2018-07-05,Texas,Houston,900 E Little York Rd,0,1,http://www.gunviolencearchive.org/incident/1158601,http://www.houstontx.gov/police/nr/2018/jul/nr070618-1.htm
2018-07-05,Ohio,Columbus,2000 block of Maryland Ave,0,1,http://www.gunviolencearchive.org/incident/1157068,https://www.10tv.com/article/woman-hospitalized-east-columbus-shooting
2018-07-05,North Carolina,Aberdeen,100 block of Longleaf Ln,0,1,http://www.gunviolencearchive.org/incident/1158035,https://www.cbs17.com/news/local-news/1-suspect-in-custody-after-moore-county-shooting-19-year-old-victim-airlifted/1285891266
2018-07-05,Pennsylvania,Philadelphia,1800 block of E Lippincott St,0,1,http://www.gunviolencearchive.org/incident/1157089,http://www.philly.com/philly/news/crime/philadelphia-shootings-homicide-20180705.html
2018-07-05,Pennsylvania,Philadelphia,,0,1,http://www.gunviolencearchive.org/incident/1157092,http://www.philly.com/philly/news/crime/philadelphia-shootings-homicide-20180705.html
2018-07-05,North Carolina,Greensboro,108 Brook Pine Dr,0,1,http://www.gunviolencearchive.org/incident/1158040,https://myfox8.com/2018/07/05/police-investigating-after-person-found-shot-and-injured-at-greensboro-home/
2018-07-05,Kentucky,Lexington,Huntington Dr,0,0,http://www.gunviolencearchive.org/incident/1157094,http://www.lex18.com/story/38581046/altercation-leads-to-shots-fired-arrest
2018-07-05,Pennsylvania,Philadelphia,1800 block of S 6th St,0,1,http://www.gunviolencearchive.org/incident/1157100,http://www.philly.com/philly/news/crime/philadelphia-shootings-homicide-20180705.html
2018-07-05,Louisiana,New Orleans,7800 block of Bass St,1,0,http://www.gunviolencearchive.org/incident/1156868,https://www.wwltv.com/article/news/local/im-shot-call-my-mom-im-about-to-die/289-570862707
2018-07-05,Nebraska,Lincoln,5700 block of Knox St,0,0,http://www.gunviolencearchive.org/incident/1160047,http://www.1011now.com/content/news/Gun-stolen-from-camper--487672611.html
2018-07-05,California,Los Angeles,1600 block of W. 2nd Street,3,3,http://www.gunviolencearchive.org/incident/1156528,http://abc7.com/3-dead-3-injured-in-westlake-house-party-shooting/3709381/
2018-07-05,New York,Albany,First St and Lexington Ave,0,4,http://www.gunviolencearchive.org/incident/1157073,https://www.timesunion.com/news/article/Four-people-shot-early-Thursday-on-Lexington-Ave-13050968.php
2018-07-05,Indiana,Gary,2500 Grant St,0,1,http://www.gunviolencearchive.org/incident/1160048,https://www.nwitimes.com/news/local/crime-and-courts/dead-wounded-in-shootings-since-july-fourth-in-gary/article_c402d6dc-03cc-5062-8fcf-7c4b0f6450a3.html#1
2018-07-05,California,Los Angeles,1358 Wilcox Ave,0,0,http://www.gunviolencearchive.org/incident/1157127,https://www.nbclosangeles.com/news/local/Seize-Dozens-of-Homemade-Firearms--487426241.html
2018-07-05,North Carolina,Asheville,250 Overlook Rd,0,1,http://www.gunviolencearchive.org/incident/1158056,http://wlos.com/news/local/police-gunshot-victim-in-tc-roberson-parking-lot-involved-in-armed-robbery
2018-07-05,Maryland,Baltimore,500 block of Lyndhurst St,1,0,http://www.gunviolencearchive.org/incident/1156772,http://www.baltimoresun.com/news/maryland/crime/bs-md-ci-taylor-hayes-arrest-20180817-story.html
2018-07-05,Florida,Sorrento,Co Rd 437 and SR 46,0,0,http://www.gunviolencearchive.org/incident/1159805,https://villages-news.com/lake-county-street-crimes-deputies-arrest-three-after-finding-large-quantity-of-drugs-handgun-inside-pickup/
2018-07-05,Ohio,Youngstown,4000 block of Rush Blvd,0,0,http://www.gunviolencearchive.org/incident/1157776,http://www.vindy.com/news/2018/jul/06/youngstown-man-faces-domestic-violence-charge-guns/
2018-07-05,Louisiana,Belle Rose,115 Pugh St,0,0,http://www.gunviolencearchive.org/incident/1158242,http://www.houmatoday.com/news/20180706/police-report-july-4-5-2018
2018-07-05,Missouri,Saint Louis,1513 N 13th St,1,1,http://www.gunviolencearchive.org/incident/1156584,http://www.kmov.com/story/38577102/1-killed-7-injured-during-violent-fourth-of-july-night-throughout-st-louis
2018-07-05,Virginia,Newport News,200 block of Don Eve Ct,0,1,http://www.gunviolencearchive.org/incident/1157260,https://wtkr.com/2018/07/05/14-year-old-shot-in-foot-in-newport-news/
2018-07-05,Virginia,Virginia Beach,2700 block of Rex Ln,0,0,http://www.gunviolencearchive.org/incident/1157793,https://wtkr.com/2018/07/05/virginia-beach-police-respond-to-reported-shots-fired/
2018-07-05,Wisconsin,Milwaukee,North and Cramer,0,1,http://www.gunviolencearchive.org/incident/1156837,https://fox6now.com/2018/07/05/violent-fourth-of-july-milwaukee-police-respond-to-4-separate-shooting-in-less-than-12-hours/
2018-07-05,Utah,North Salt Lake,215 E Vista Way,1,0,http://www.gunviolencearchive.org/incident/1559293,https://www.dailymail.co.uk/news/article-6011315/Utah-man-67-shot-dead-home-wife.html
2018-07-05,Wisconsin,Milwaukee,2nd and Maple,1,0,http://www.gunviolencearchive.org/incident/1156844,https://fox6now.com/2018/07/05/violent-fourth-of-july-milwaukee-police-respond-to-4-separate-shooting-in-less-than-12-hours/
2018-07-05,Georgia,Watkinsville,Simonton Bridge Rd,0,0,http://www.gunviolencearchive.org/incident/1161302,http://www.onlineathens.com/news/20180710/2-charged-in-oconee-home-invasion-3rd-suspect-sought
2018-07-05,California,Oakland,3900 block of Foothill Boulevard,0,1,http://www.gunviolencearchive.org/incident/1156853,https://www.eastbaytimes.com/2018/07/05/three-men-wounded-in-oakland-shootings/
2018-07-05,Virginia,Norfolk,200 block of Greenbrier Ave,0,1,http://www.gunviolencearchive.org/incident/1156652,https://wtkr.com/2018/07/05/man-taken-to-hospital-after-norfolk-shooting/
2018-07-05,California,Oakland,1200 block of East 34th Street,0,1,http://www.gunviolencearchive.org/incident/1156859,https://www.eastbaytimes.com/2018/07/05/teen-shot-in-east-oakland-police-seek-suspect/
2018-07-05,Wisconsin,Kenosha,61st Street and 18th Avenue,0,2,http://www.gunviolencearchive.org/incident/1156861,https://fox6now.com/2018/07/05/kenosha-police-investigate-shooting-shots-fired-incidents/
2018-07-05,Virginia,Glasgow,1000 block of Kanawha St,0,0,http://www.gunviolencearchive.org/incident/1157814,https://www.wsls.com/news/virginia/lexington/glasgow-standoff-ends-peacefully-three-arrested
2018-07-05,Virginia,Harrisonburg,E Market St and Martin Luther King Jr Way,0,0,http://www.gunviolencearchive.org/incident/1157816,http://www.nbc29.com/story/38583887/harrisonburg-police-investigate-call-of-shots-fired
2018-07-05,Illinois,Chicago,3700 block of W Lexington St,0,3,http://www.gunviolencearchive.org/incident/1157716,https://chicago.suntimes.com/news/three-boys-shot-homan-square-drive-by-attack/
2018-07-05,Illinois,Chicago,6800 block of S Ashland Ave,0,1,http://www.gunviolencearchive.org/incident/1157821,https://chicago.suntimes.com/news/man-hit-vehicle-shot-riding-bike-west-englewood/
2018-07-05,West Virginia,Dunbar,1400 block of Dunbar Ave,0,1,http://www.gunviolencearchive.org/incident/1157824,https://www.wowktv.com/news/local-news/one-shot-in-dunbar/1285957335
2018-07-05,Oklahoma,Tulsa,5600 block of N Garrison Ct,0,1,http://www.gunviolencearchive.org/incident/1156880,http://www.newson6.com/story/38634256/police-say-tulsa-teens-shooting-was-accidental
2018-07-05,New Jersey,Jersey City,21 Lexington Ave,1,0,http://www.gunviolencearchive.org/incident/1391936,https://www.rlsmedia.com/article/man-wanted-connection-jersey-city-homicide-captured-georgia
2018-07-05,Pennsylvania,Philadelphia,3100 block of Weymouth Street,1,0,http://www.gunviolencearchive.org/incident/1157014,https://www.phillyobitproject.com/angelo-rodriguez-25/
2018-07-05,Illinois,Chicago,5500 block of S Carpenter St,0,1,http://www.gunviolencearchive.org/incident/1157826,https://chicago.suntimes.com/news/man-shot-head-englewood-3/
2018-07-05,Pennsylvania,Philadelphia,1800 block of Wingohocking St,1,0,http://www.gunviolencearchive.org/incident/1157680,https://www.phillyobitproject.com/derrick-geiger-46/
2018-07-05,Pennsylvania,Philadelphia,5200 block of Walton Ave,1,1,http://www.gunviolencearchive.org/incident/1157685,https://www.phillyobitproject.com/placemarks/adam-smallwood/
2018-07-04,Ohio,Dayton,E 5th St and S Torrence St,0,1,http://www.gunviolencearchive.org/incident/1156201,https://www.daytondailynews.com/news/local/woman-injured-east-fifth-street-robbery-dayton/hslCFU8KQxWbuvBkn3OliP/
2018-07-04,Tennessee,Morristown,807 Cleveland Ave,0,1,http://www.gunviolencearchive.org/incident/1156214,https://www.citizentribune.com/news/local/updated-teen-charged-in-accidental-shooting/article_972f0e32-7fb2-11e8-8771-67c4ec709441.html
2018-07-04,Alabama,Brantley,9600 block of S Main St,0,1,http://www.gunviolencearchive.org/incident/1156209,https://www.al.com/news/index.ssf/2018/07/rude_awakening_one_shot_in_bra.html#incart_river_index
2018-07-04,New York,Albany,Sheridan Ave,0,1,http://www.gunviolencearchive.org/incident/1157070,https://www.timesunion.com/news/article/Shootings-within-minutes-of-one-another-leave-two-13051345.php
2018-07-04,Pennsylvania,Wilkes Barre,308 N Empire Ct,1,0,http://www.gunviolencearchive.org/incident/1156679,https://www.timesleader.com/news/breaking-news/710344/man-dies-after-shooting-in-sherman-hills-complex
2018-07-04,Mississippi,Hattiesburg,100 block of E 8th St,0,1,http://www.gunviolencearchive.org/incident/1156041,http://www.wmcactionnews5.com/story/38581535/suspects-in-independence-day-shooting-identified
2018-07-04,Virginia,Richmond,4800 block of Brittles Ln,0,0,http://www.gunviolencearchive.org/incident/1156901,https://www.wric.com/news/local-news/henrico-county/henrico-house-that-erupted-in-flames-was-shot-up-on-independence-day-family-says/1286571730
2018-07-04,Iowa,Des Moines,S Union St,0,1,http://www.gunviolencearchive.org/incident/1158038,https://www.desmoinesregister.com/story/news/crime-and-courts/2018/07/05/des-moines-shooting-man-shot-while-riding-motorcycle-fourth-july-night-des-moines-iowa-motorcyclist/761859002/
2018-07-04,Washington,Seattle,8th Ave and Yesler Way,0,1,http://www.gunviolencearchive.org/incident/1155915,https://www.seattletimes.com/seattle-news/crime/seattle-police-report-officer-involved-shooting-at-8th-and-yesler/
2018-07-04,Indiana,Gary,800 block of E 44th Ave,0,1,http://www.gunviolencearchive.org/incident/1160041,https://www.nwitimes.com/news/local/crime-and-courts/dead-wounded-in-shootings-since-july-fourth-in-gary/article_c402d6dc-03cc-5062-8fcf-7c4b0f6450a3.html
2018-07-04,Pennsylvania,Philadelphia,1600 block of N Redfield St,0,1,http://www.gunviolencearchive.org/incident/1157111,http://www.philly.com/philly/news/crime/philadelphia-shootings-homicide-20180705.html
2018-07-04,Washington,Renton,13800 171st Ave SE,0,1,http://www.gunviolencearchive.org/incident/1156227,https://twitter.com/photodawg76/status/1014661010165137408
2018-07-04,Texas,Houston,Fannin St and Webster St,1,0,http://www.gunviolencearchive.org/incident/1156229,https://www.chron.com/news/houston-texas/article/Man-found-shot-to-death-in-Midtown-13049353.php
2018-07-04,Texas,La Marque,500 block of Fieldhaven Dr,0,2,http://www.gunviolencearchive.org/incident/1202896,https://www.galvnews.com/news/free/article_4bb0b77f-1f74-570b-aafa-3c1815606872.html
2018-07-04,Massachusetts,Boston,Talbot Ave,0,0,http://www.gunviolencearchive.org/incident/1157128,http://bpdnews.com/news/2018/7/5/bpd-officers-confiscate-3-guns-in-less-than-5-hours-in-3-separate-incidents
2018-07-04,Massachusetts,Boston,216 Westville St,0,0,http://www.gunviolencearchive.org/incident/1157134,http://bpdnews.com/news/2018/7/5/bpd-officers-confiscate-3-guns-in-less-than-5-hours-in-3-separate-incidents
2018-07-04,North Carolina,Asheboro,119 Northwood Dr,0,0,http://www.gunviolencearchive.org/incident/1158060,http://www.courier-tribune.com/news/20180706/man-charged-with-threatening-women-with-firearm
2018-07-04,Massachusetts,Boston,Alexander St and Blue Hill Ave,0,0,http://www.gunviolencearchive.org/incident/1157098,http://bpdnews.com/news/2018/7/5/bpd-officers-confiscate-3-guns-in-less-than-5-hours-in-3-separate-incidents
2018-07-04,North Carolina,Oakboro,Pine St,0,0,http://www.gunviolencearchive.org/incident/1158069,https://www.wsoctv.com/news/local/video-shooting-near-fireworks-show-in-stanly-county-causes-widespread-panic/784233362
2018-07-04,Georgia,Milledgeville,3000 Block of Sportsman Club Rd,0,1,http://www.gunviolencearchive.org/incident/1158070,https://www.macon.com/news/local/crime/article214365764.html
2018-07-04,Georgia,Macon,1681 Rocky Creek Rd,0,1,http://www.gunviolencearchive.org/incident/1155895,https://www.macon.com/news/local/crime/article214353119.html
2018-07-04,North Carolina,Greensboro,4603 Chaucer Dr,0,0,http://www.gunviolencearchive.org/incident/1158079,https://www.greensboro.com/news/crime/tip-leads-to-drug-gun-other-charges-for-three-people/article_c4a9b490-3a60-5d59-8892-aa8f28fed374.html
2018-07-04,Florida,Tampa,10165 McKinley Dr,0,1,http://www.gunviolencearchive.org/incident/1156695,https://www.news4jax.com/news/florida/putnam-county-man-wounded-at-busch-gardens-by-celebratory-gunfire
2018-07-04,Florida,Tampa,6420 Oaktree Ct,0,0,http://www.gunviolencearchive.org/incident/1157167,https://www.wfla.com/news/hillsborough-county/tampa-pd-investigating-3-cases-of-celebratory-gunfire/1284679344
2018-07-04,Illinois,Salem,S Pruyn St,0,0,http://www.gunviolencearchive.org/incident/1158646,http://www.southernillinoisnow.com/2018/07/06/three-face-new-felony-charges-following-arrests-over-4th-of-july-holiday/
